{"is_source_file": true, "format": "shell script", "description": "This script is a shim for invoking the project's gradlew.sh script from the .init directory. It checks for the existence of '../gradlew.sh' and executes it with any passed arguments, otherwise it outputs a message indicating the file was not found and exits.", "external_files": ["../gradlew.sh"], "external_methods": [], "published": [], "classes": [], "methods": [], "calls": ["sh ../gradlew.sh"], "search-terms": ["gradlew", "shim", "workspace", ".init", "shell script"], "state": 2, "file_id": 37, "knowledge_revision": 107, "git_revision": "", "hash": "7e42fc96ec5be59f43a96984a578d531", "format-version": 4, "code-base-name": "backend", "filename": ".init/gradlew.sh", "revision_history": [{"107": ""}]}