{"is_source_file": true, "format": "JavaScript", "description": "This file is responsible for generating an OpenAPI JSON file by reading a Swagger specification, creating necessary directories if they do not exist, and writing the serialized JSON to disk.", "external_files": ["./swagger"], "external_methods": ["fs.existsSync", "fs.mkdirSync", "fs.writeFileSync", "path.join"], "published": [], "classes": [], "methods": [], "calls": ["fs.existsSync", "fs.mkdirSync", "fs.writeFileSync", "JSON.stringify"], "search-terms": ["generate_openapi", "swaggerSpec", "openapi.json", "fs", "path", "writeFileSync"], "state": 2, "file_id": 7, "knowledge_revision": 22, "git_revision": "ad1762f156bd88532d5ece29e8864392a8672bda", "ctags": [{"_type": "tag", "name": "fs", "path": "/home/kavia/workspace/code-generation/english-learning-companion-235351-235361/backend/generate_openapi.js", "pattern": "/^const fs = require('fs');$/", "language": "JavaScript", "kind": "constant"}, {"_type": "tag", "name": "outputDir", "path": "/home/kavia/workspace/code-generation/english-learning-companion-235351-235361/backend/generate_openapi.js", "pattern": "/^const outputDir = path.join(__dirname, 'interfaces');$/", "language": "JavaScript", "kind": "constant"}, {"_type": "tag", "name": "outputPath", "path": "/home/kavia/workspace/code-generation/english-learning-companion-235351-235361/backend/generate_openapi.js", "pattern": "/^const outputPath = path.join(outputDir, 'openapi.json');$/", "language": "JavaScript", "kind": "constant"}, {"_type": "tag", "name": "path", "path": "/home/kavia/workspace/code-generation/english-learning-companion-235351-235361/backend/generate_openapi.js", "pattern": "/^const path = require('path');$/", "language": "JavaScript", "kind": "constant"}, {"_type": "tag", "name": "swaggerSpec", "path": "/home/kavia/workspace/code-generation/english-learning-companion-235351-235361/backend/generate_openapi.js", "pattern": "/^const swaggerSpec = require('.\\/swagger');$/", "language": "JavaScript", "kind": "constant"}], "hash": "55a8452439ff8971a692025b12dc20dc", "format-version": 4, "code-base-name": "backend", "filename": "backend/generate_openapi.js", "revision_history": [{"22": "ad1762f156bd88532d5ece29e8864392a8672bda"}]}