{"is_source_file": false, "format": "", "description": "", "external_files": [], "external_methods": [], "published": [], "classes": [], "methods": [], "calls": [], "search-terms": [], "state": 2, "file_id": 8, "knowledge_revision": 16, "git_revision": "ad1762f156bd88532d5ece29e8864392a8672bda", "hash": "68e883b7c082fe5b18ee688ed067dd49", "format-version": 4, "code-base-name": "backend", "filename": "backend/nodemon.json", "revision_history": [{"16": "ad1762f156bd88532d5ece29e8864392a8672bda"}]}