{"is_source_file": true, "format": "JavaScript", "description": "A source file defining middleware export structure for a Node.js project, currently empty with placeholder comment.", "external_files": [], "external_methods": [], "published": ["module.exports"], "classes": [], "methods": [], "calls": [], "search-terms": ["middleware", "export", "module.exports", "index.js"], "state": 2, "file_id": 1, "knowledge_revision": 14, "git_revision": "ad1762f156bd88532d5ece29e8864392a8672bda", "ctags": [], "hash": "e9169fe9b751451d433ec5c4d4734b4a", "format-version": 4, "code-base-name": "backend", "filename": "backend/src/middleware/index.js", "revision_history": [{"14": "ad1762f156bd88532d5ece29e8864392a8672bda"}]}