{"is_source_file": true, "format": "JavaScript", "description": "This file defines a schema for validating progress query parameters, specifically ensuring the userId is a positive integer.", "external_files": ["zod"], "external_methods": ["require('zod')", "z.coerce.number().int().positive()"], "published": ["progressQuerySchema"], "classes": [], "methods": [], "calls": ["require('zod')", "z.coerce.number().int().positive()"], "search-terms": ["progress validation", "progressQuerySchema", "zod", "userId"], "state": 2, "file_id": 28, "knowledge_revision": 86, "git_revision": "", "revision_history": [{"67": ""}, {"86": ""}], "ctags": [{"_type": "tag", "name": "progressQuerySchema", "path": "/home/kavia/workspace/code-generation/english-learning-companion-235351-235361/backend/src/validators/progress.js", "pattern": "/^  progressQuerySchema,$/", "language": "JavaScript", "kind": "field", "scope": "module.exports", "scopeKind": "class"}, {"_type": "tag", "name": "progressQuerySchema", "path": "/home/kavia/workspace/code-generation/english-learning-companion-235351-235361/backend/src/validators/progress.js", "pattern": "/^const progressQuerySchema = z.object({$/", "language": "JavaScript", "kind": "constant"}], "hash": "640f202395c67f46a85710643e43769e", "format-version": 4, "code-base-name": "backend", "filename": "backend/src/validators/progress.js", "fields": [{"name": "progressQuerySchema,", "scope": "module.exports", "scopeKind": "class", "description": "unavailable"}]}