{"is_source_file": true, "format": "JavaScript", "description": "This file defines a LessonsController class that manages HTTP requests related to lessons, utilizing a lessonsService to fetch data and sending JSON responses.", "external_files": ["../services/lessons"], "external_methods": ["lessonsService.listLessons", "lessonsService.getLessonById"], "published": ["new LessonsController()"], "classes": [{"name": "LessonsController", "description": "Controller class handling HTTP requests for lessons, with methods to list lessons and get lessons by ID."}], "methods": [{"name": "list(req, res)", "description": "Handles HTTP GET requests to list all lessons, responding with a JSON object containing lessons.", "scope": "LessonsController", "scopeKind": "class"}, {"name": "getById(req, res)", "description": "Handles HTTP GET requests to retrieve a specific lesson by ID, responding with a JSON object containing the lesson.", "scope": "LessonsController", "scopeKind": "class"}], "calls": ["lessonsService.listLessons", "lessonsService.getLessonById"], "search-terms": ["LessonsController", "lessonsService", "listLessons", "getLessonById", "lessons"], "state": 2, "file_id": 21, "knowledge_revision": 98, "git_revision": "", "revision_history": [{"60": ""}, {"98": ""}], "ctags": [{"_type": "tag", "name": "LessonsController", "path": "/home/kavia/workspace/code-generation/english-learning-companion-235351-235361/backend/src/controllers/lessons.js", "pattern": "/^class LessonsController {$/", "language": "JavaScript", "kind": "class"}, {"_type": "tag", "name": "exports", "path": "/home/kavia/workspace/code-generation/english-learning-companion-235351-235361/backend/src/controllers/lessons.js", "pattern": "/^module.exports = new LessonsController();$/", "language": "JavaScript", "kind": "variable", "scope": "module", "scopeKind": "class"}, {"_type": "tag", "name": "getById", "path": "/home/kavia/workspace/code-generation/english-learning-companion-235351-235361/backend/src/controllers/lessons.js", "pattern": "/^  async getById(req, res) {$/", "language": "JavaScript", "kind": "method", "signature": "(req, res)", "scope": "LessonsController", "scopeKind": "class"}, {"_type": "tag", "name": "lessonsService", "path": "/home/kavia/workspace/code-generation/english-learning-companion-235351-235361/backend/src/controllers/lessons.js", "pattern": "/^const lessonsService = require('..\\/services\\/lessons');$/", "language": "JavaScript", "kind": "constant"}, {"_type": "tag", "name": "list", "path": "/home/kavia/workspace/code-generation/english-learning-companion-235351-235361/backend/src/controllers/lessons.js", "pattern": "/^  async list(req, res) {$/", "language": "JavaScript", "kind": "method", "signature": "(req, res)", "scope": "LessonsController", "scopeKind": "class"}], "hash": "d5161b8e05d51e8645b78797b9564c45", "format-version": 4, "code-base-name": "backend", "filename": "backend/src/controllers/lessons.js", "fields": [{"name": "module.exports = new LessonsController();", "scope": "module", "scopeKind": "class", "description": "unavailable"}]}