{"is_source_file": true, "format": "JavaScript", "description": "This is a controller class for handling health check requests in a web application; it imports a health service, defines a class with a check method, and exports an instance of the controller.", "external_files": ["../services/health"], "external_methods": ["healthService.getStatus"], "published": ["new HealthController()"], "classes": [{"name": "HealthController", "description": "Controller class that handles health check requests, invoking the health service to retrieve status and returning it as a JSON response."}], "methods": [{"name": "check(req, res)", "description": "Handles incoming HTTP requests to check system health, fetching status from healthService and returning it as JSON.", "scope": "HealthController", "scopeKind": "class"}], "calls": ["healthService.getStatus", "res.status", "res.json"], "search-terms": ["HealthController", "healthService", "check", "health.js"], "state": 2, "file_id": 3, "knowledge_revision": 18, "git_revision": "ad1762f156bd88532d5ece29e8864392a8672bda", "ctags": [{"_type": "tag", "name": "HealthController", "path": "/home/kavia/workspace/code-generation/english-learning-companion-235351-235361/backend/src/controllers/health.js", "pattern": "/^class HealthController {$/", "language": "JavaScript", "kind": "class"}, {"_type": "tag", "name": "check", "path": "/home/kavia/workspace/code-generation/english-learning-companion-235351-235361/backend/src/controllers/health.js", "pattern": "/^  check(req, res) {$/", "language": "JavaScript", "kind": "method", "signature": "(req, res)", "scope": "HealthController", "scopeKind": "class"}, {"_type": "tag", "name": "exports", "path": "/home/kavia/workspace/code-generation/english-learning-companion-235351-235361/backend/src/controllers/health.js", "pattern": "/^module.exports = new HealthController();$/", "language": "JavaScript", "kind": "variable", "scope": "module", "scopeKind": "class"}, {"_type": "tag", "name": "healthService", "path": "/home/kavia/workspace/code-generation/english-learning-companion-235351-235361/backend/src/controllers/health.js", "pattern": "/^const healthService = require('..\\/services\\/health');$/", "language": "JavaScript", "kind": "constant"}], "hash": "05c26663041fbc83dd60748f0bc705da", "format-version": 4, "code-base-name": "backend", "filename": "backend/src/controllers/health.js", "fields": [{"name": "module.exports = new HealthController();", "scope": "module", "scopeKind": "class", "description": "unavailable"}], "revision_history": [{"18": "ad1762f156bd88532d5ece29e8864392a8672bda"}]}