{"is_source_file": true, "format": "JavaScript", "description": "This file defines Express.js routes for vocabulary-related API endpoints, including listing vocabulary, upserting vocabulary items, and scheduling reviews. It imports middleware for validation and asynchronous handling, connects to a vocabulary controller, and specifies Swagger documentation for API specifications.", "external_files": ["../middleware/asyncHandler", "../middleware/validate", "../controllers/vocabulary", "../validators/vocabulary"], "external_methods": ["require", "express.Router", "validate", "asyncHandler", "vocabularyController.list", "vocabularyController.upsert", "vocabularyController.review"], "published": ["router"], "classes": [], "methods": [{"name": "router.get", "description": "Defines GET endpoint for retrieving vocabulary list, with validation middleware and async handling."}, {"name": "router.post", "description": "Defines POST endpoint for upserting vocabulary items, with validation middleware and async handling."}, {"name": "router.post", "description": "Defines POST endpoint for reviewing vocabulary, with validation middleware and async handling."}], "calls": ["require('express')", "require('../middleware/asyncHandler')", "require('../middleware/validate')", "require('../controllers/vocabulary')", "require('../validators/vocabulary')", "express.Router()", "validate({ query: vocabularyListQuerySchema })", "asyncHandler(vocabularyController.list.bind(vocabularyController))", "validate({ body: upsertVocabularyBodySchema })", "asyncHandler(vocabularyController.upsert.bind(vocabularyController))", "validate({ body: reviewVocabularyBodySchema })", "asyncHandler(vocabularyController.review.bind(vocabularyController))", "module.exports = router"], "search-terms": ["vocabulary", "routes", "API", "Express", "controller", "validation", "Swagger"], "state": 2, "file_id": 31, "knowledge_revision": 93, "git_revision": "", "revision_history": [{"70": ""}, {"93": ""}], "ctags": [{"_type": "tag", "name": "asyncHandler", "path": "/home/kavia/workspace/code-generation/english-learning-companion-235351-235361/backend/src/routes/vocabulary.js", "pattern": "/^const asyncHandler = require('..\\/middleware\\/asyncHandler');$/", "language": "JavaScript", "kind": "constant"}, {"_type": "tag", "name": "express", "path": "/home/kavia/workspace/code-generation/english-learning-companion-235351-235361/backend/src/routes/vocabulary.js", "pattern": "/^const express = require('express');$/", "language": "JavaScript", "kind": "constant"}, {"_type": "tag", "name": "router", "path": "/home/kavia/workspace/code-generation/english-learning-companion-235351-235361/backend/src/routes/vocabulary.js", "pattern": "/^const router = express.Router();$/", "language": "JavaScript", "kind": "constant"}, {"_type": "tag", "name": "vocabularyController", "path": "/home/kavia/workspace/code-generation/english-learning-companion-235351-235361/backend/src/routes/vocabulary.js", "pattern": "/^const vocabularyController = require('..\\/controllers\\/vocabulary');$/", "language": "JavaScript", "kind": "constant"}], "hash": "1e21b90575debc1c1032f02f4d329d3f", "format-version": 4, "code-base-name": "backend", "filename": "backend/src/routes/vocabulary.js"}