{"is_source_file": true, "format": "JavaScript", "description": "This file defines an error handling middleware function for an Express.js application, which logs errors and sends JSON error responses.", "external_files": [], "external_methods": ["console.error"], "published": ["errorMiddleware"], "classes": [], "methods": [{"name": "errorMiddleware(err, req, res, next)", "description": "Express.js middleware function for handling errors, logging the error, and sending a JSON response with appropriate status code and message.", "scope": "", "scopeKind": ""}], "calls": ["console.error"], "search-terms": ["errorMiddleware", "Express.js", "middleware", "error handling", "res.status", "res.json"], "state": 2, "file_id": 14, "knowledge_revision": 74, "git_revision": "", "revision_history": [{"41": ""}, {"74": ""}], "ctags": [{"_type": "tag", "name": "errorMiddleware", "path": "/home/kavia/workspace/code-generation/english-learning-companion-235351-235361/backend/src/middleware/error.js", "pattern": "/^function errorMiddleware(err, req, res, next) {$/", "language": "JavaScript", "kind": "function", "signature": "(err, req, res, next)"}], "hash": "a32c3fccce7a42589800e248531fab88", "format-version": 4, "code-base-name": "backend", "filename": "backend/src/middleware/error.js"}