{"is_source_file": true, "format": "JavaScript", "description": "This file defines custom error classes and middleware functions for error handling in an Express.js application. It exports an ApiError class and two middleware functions: notFoundHandler to handle 404 errors, and errorHandler for general error handling.", "external_files": ["module.exports"], "external_methods": ["res.status", "res.json", "console.error", "next"], "published": ["ApiError", "notFoundHandler", "errorHandler"], "classes": [{"name": "ApiError", "description": "Custom error class extending the built-in Error, includes a statusCode and possibly additional details."}], "methods": [{"name": "notFoundHandler(req, res)", "description": "Middleware to handle 404 'Not Found' errors, responding with a JSON error message.", "scope": "", "scopeKind": ""}, {"name": "errorHandler(err, req, res, next)", "description": "General error handling middleware that responds with JSON error payloads, logs server errors.", "scope": "", "scopeKind": ""}, {"name": "constructor(statusCode, message, details)", "scope": "ApiError", "scopeKind": "class", "description": "unavailable"}], "calls": ["res.status", "res.json", "console.error", "next"], "search-terms": ["middleware", "error handling", "ApiError", "notFoundHandler", "errorHandler", "Express.js", "src/middleware/errors.js"], "state": 2, "file_id": 36, "knowledge_revision": 101, "git_revision": "", "ctags": [{"_type": "tag", "name": "ApiError", "path": "/home/kavia/workspace/code-generation/english-learning-companion-235351-235361/backend/src/middleware/errors.js", "pattern": "/^  ApiError,$/", "language": "JavaScript", "kind": "field", "scope": "module.exports", "scopeKind": "class"}, {"_type": "tag", "name": "ApiError", "path": "/home/kavia/workspace/code-generation/english-learning-companion-235351-235361/backend/src/middleware/errors.js", "pattern": "/^class ApiError extends Error {$/", "language": "JavaScript", "kind": "class"}, {"_type": "tag", "name": "constructor", "path": "/home/kavia/workspace/code-generation/english-learning-companion-235351-235361/backend/src/middleware/errors.js", "pattern": "/^  constructor(statusCode, message, details) {$/", "language": "JavaScript", "kind": "method", "signature": "(statusCode, message, details)", "scope": "ApiError", "scopeKind": "class"}, {"_type": "tag", "name": "errorHandler", "path": "/home/kavia/workspace/code-generation/english-learning-companion-235351-235361/backend/src/middleware/errors.js", "pattern": "/^function errorHandler(err, req, res, next) {$/", "language": "JavaScript", "kind": "function", "signature": "(err, req, res, next)"}, {"_type": "tag", "name": "message", "path": "/home/kavia/workspace/code-generation/english-learning-companion-235351-235361/backend/src/middleware/errors.js", "pattern": "/^    message: err.message || 'Internal Server Error',$/", "language": "JavaScript", "kind": "property", "scope": "errorHandler.payload", "scopeKind": "class"}, {"_type": "tag", "name": "notFoundHandler", "path": "/home/kavia/workspace/code-generation/english-learning-companion-235351-235361/backend/src/middleware/errors.js", "pattern": "/^function notFoundHandler(req, res) {$/", "language": "JavaScript", "kind": "function", "signature": "(req, res)"}, {"_type": "tag", "name": "payload", "path": "/home/kavia/workspace/code-generation/english-learning-companion-235351-235361/backend/src/middleware/errors.js", "pattern": "/^  const payload = {$/", "language": "JavaScript", "kind": "class", "scope": "errorHandler", "scopeKind": "class"}, {"_type": "tag", "name": "status", "path": "/home/kavia/workspace/code-generation/english-learning-companion-235351-235361/backend/src/middleware/errors.js", "pattern": "/^    status: 'error',$/", "language": "JavaScript", "kind": "property", "scope": "errorHandler.payload", "scopeKind": "class"}], "hash": "485f9d21aaa7ab9061ab5efad62062cf", "format-version": 4, "code-base-name": "backend", "filename": "backend/src/middleware/errors.js", "fields": [{"name": "ApiError,", "scope": "module.exports", "scopeKind": "class", "description": "unavailable"}, {"name": "message: err.message || 'Internal Server Error',", "scope": "errorHandler.payload", "scopeKind": "class", "description": "unavailable"}, {"name": "status: 'error',", "scope": "errorHandler.payload", "scopeKind": "class", "description": "unavailable"}], "revision_history": [{"101": ""}]}