{"is_source_file": true, "format": "JavaScript", "description": "Main application setup file for an Express.js server. Configures middleware such as CORS, Swagger UI, routing, and error handling.", "external_files": ["./routes", "../swagger", "./middleware/errors"], "external_methods": ["notFoundHandler", "errorHandler"], "published": ["app"], "classes": [], "methods": [{"name": "CORS configuration", "description": "Configures cross-origin resource sharing with allowed origins and methods."}, {"name": "GET /openapi.json", "description": "Serves the OpenAPI specification as JSON."}, {"name": "Swagger UI setup", "description": "Dynamically sets server URL in Swagger UI based on request host and protocol."}], "calls": ["cors()", "express()", "require('cors')", "require('express')", "require('./routes')", "require('../swagger')", "require('./middleware/errors').notFoundHandler", "require('./middleware/errors').errorHandler", "app.use()", "app.get('/openapi.json')", "res.json()", "swaggerUi.serve", "swaggerUi.setup()", "req.get('host')", "req.protocol", "req.socket.localPort", "req.secure", "express.json()"], "search-terms": ["Express.js server setup", "CORS configuration", "Swagger UI dynamic server URL", "Error handling middleware", "API route mounting"], "state": 2, "file_id": 2, "knowledge_revision": 99, "git_revision": "ad1762f156bd88532d5ece29e8864392a8672bda", "revision_history": [{"17": "ad1762f156bd88532d5ece29e8864392a8672bda"}, {"50": "ad1762f156bd88532d5ece29e8864392a8672bda"}, {"99": "ad1762f156bd88532d5ece29e8864392a8672bda"}], "ctags": [{"_type": "tag", "name": "allowedOrigins", "path": "/home/kavia/workspace/code-generation/english-learning-companion-235351-235361/backend/src/app.js", "pattern": "/^const allowedOrigins = (process.env.CORS_ORIGIN || 'http:\\/\\/localhost:3000')$/", "language": "JavaScript", "kind": "constant"}, {"_type": "tag", "name": "app", "path": "/home/kavia/workspace/code-generation/english-learning-companion-235351-235361/backend/src/app.js", "pattern": "/^const app = express();$/", "language": "JavaScript", "kind": "constant"}, {"_type": "tag", "name": "cors", "path": "/home/kavia/workspace/code-generation/english-learning-companion-235351-235361/backend/src/app.js", "pattern": "/^const cors = require('cors');$/", "language": "JavaScript", "kind": "constant"}, {"_type": "tag", "name": "express", "path": "/home/kavia/workspace/code-generation/english-learning-companion-235351-235361/backend/src/app.js", "pattern": "/^const express = require('express');$/", "language": "JavaScript", "kind": "constant"}, {"_type": "tag", "name": "routes", "path": "/home/kavia/workspace/code-generation/english-learning-companion-235351-235361/backend/src/app.js", "pattern": "/^const routes = require('.\\/routes');$/", "language": "JavaScript", "kind": "constant"}, {"_type": "tag", "name": "swaggerSpec", "path": "/home/kavia/workspace/code-generation/english-learning-companion-235351-235361/backend/src/app.js", "pattern": "/^const swaggerSpec = require('..\\/swagger');$/", "language": "JavaScript", "kind": "constant"}, {"_type": "tag", "name": "swaggerUi", "path": "/home/kavia/workspace/code-generation/english-learning-companion-235351-235361/backend/src/app.js", "pattern": "/^const swaggerUi = require('swagger-ui-express');$/", "language": "JavaScript", "kind": "constant"}], "hash": "2ce32124bae611476401fdd78ed65a24", "format-version": 4, "code-base-name": "backend", "filename": "backend/src/app.js"}