{"is_source_file": true, "format": "JavaScript", "description": "This file defines a VocabularyService class that provides methods to manage vocabulary terms for users, including listing vocabulary, adding or updating entries (upsert), and scheduling reviews based on user performance. It interacts with a database for persistent storage and handles review scheduling logic.", "external_files": ["../db", "../middleware/errors"], "external_methods": ["db.query", "ApiError"], "published": ["VocabularyService"], "classes": [{"name": "VocabularyService", "description": "A service class encapsulating vocabulary management functionalities such as listing, upserting, and reviewing vocabulary terms for users."}], "methods": [{"name": "list(userId)", "description": "Retrieves a list of vocabulary terms for a specified user, ordered by the term.", "scope": "VocabularyService", "scopeKind": "class"}, {"name": "upsert({ userId, term, definition, example })", "description": "Adds a new vocabulary entry or updates an existing one for a user, ensuring uniqueness per user and term.", "scope": "VocabularyService", "scopeKind": "class"}, {"name": "review({ userId, term, result })", "description": "Schedules the review of a vocabulary term based on user performance ('pass' or 'fail') using a simple interval progression.", "scope": "VocabularyService", "scopeKind": "class"}, {"name": "addDays(date, days)", "scope": "", "scopeKind": "", "description": "unavailable"}], "calls": ["db.query", "db.query", "db.query", "db.query", "db.query", "addDays"], "search-terms": ["VocabularyService", "list", "upsert", "review", "schedule", "reviewSchedule", "term management"], "state": 2, "file_id": 19, "knowledge_revision": 103, "git_revision": "", "revision_history": [{"58": ""}, {"89": ""}, {"103": ""}], "ctags": [{"_type": "tag", "name": "VocabularyService", "path": "/home/kavia/workspace/code-generation/english-learning-companion-235351-235361/backend/src/services/vocabulary.js", "pattern": "/^class VocabularyService {$/", "language": "JavaScript", "kind": "class"}, {"_type": "tag", "name": "addDays", "path": "/home/kavia/workspace/code-generation/english-learning-companion-235351-235361/backend/src/services/vocabulary.js", "pattern": "/^function addDays(date, days) {$/", "language": "JavaScript", "kind": "function", "signature": "(date, days)"}, {"_type": "tag", "name": "db", "path": "/home/kavia/workspace/code-generation/english-learning-companion-235351-235361/backend/src/services/vocabulary.js", "pattern": "/^const db = require('..\\/db');$/", "language": "JavaScript", "kind": "constant"}, {"_type": "tag", "name": "exports", "path": "/home/kavia/workspace/code-generation/english-learning-companion-235351-235361/backend/src/services/vocabulary.js", "pattern": "/^module.exports = new VocabularyService();$/", "language": "JavaScript", "kind": "variable", "scope": "module", "scopeKind": "class"}, {"_type": "tag", "name": "list", "path": "/home/kavia/workspace/code-generation/english-learning-companion-235351-235361/backend/src/services/vocabulary.js", "pattern": "/^  async list(userId) {$/", "language": "JavaScript", "kind": "method", "signature": "(userId)", "scope": "VocabularyService", "scopeKind": "class"}, {"_type": "tag", "name": "review", "path": "/home/kavia/workspace/code-generation/english-learning-companion-235351-235361/backend/src/services/vocabulary.js", "pattern": "/^  async review({ userId, term, result }) {$/", "language": "JavaScript", "kind": "method", "signature": "({ userId, term, result })", "scope": "VocabularyService", "scopeKind": "class"}, {"_type": "tag", "name": "upsert", "path": "/home/kavia/workspace/code-generation/english-learning-companion-235351-235361/backend/src/services/vocabulary.js", "pattern": "/^  async upsert({ userId, term, definition, example }) {$/", "language": "JavaScript", "kind": "method", "signature": "({ userId, term, definition, example })", "scope": "VocabularyService", "scopeKind": "class"}], "hash": "b29509761a1515b0c18f5b0c04bc3c4c", "format-version": 4, "code-base-name": "backend", "filename": "backend/src/services/vocabulary.js", "fields": [{"name": "module.exports = new VocabularyService();", "scope": "module", "scopeKind": "class", "description": "unavailable"}]}