{"is_source_file": true, "format": "JavaScript", "description": "This file defines express routes for the backend of an English learning application, including health check endpoints and API route handlers for lessons, quizzes, vocabulary, and progress.", "external_files": ["../controllers/health", "./lessons", "./quizzes", "./vocabulary", "./progress"], "external_methods": ["healthController.check"], "published": ["router"], "classes": [], "methods": [{"name": "router.get", "description": "Defines GET endpoints for health checks at '/' and '/health'."}, {"name": "router.use", "description": "Sets up route handlers for lessons, quizzes, vocabulary, and progress under specified API paths."}], "calls": ["healthController.check.bind(healthController)"], "search-terms": ["express route", "health endpoint", "API route handlers", "index.js routes"], "state": 2, "file_id": 4, "knowledge_revision": 48, "git_revision": "ad1762f156bd88532d5ece29e8864392a8672bda", "revision_history": [{"19": "ad1762f156bd88532d5ece29e8864392a8672bda"}, {"48": "ad1762f156bd88532d5ece29e8864392a8672bda"}], "ctags": [{"_type": "tag", "name": "express", "path": "/home/kavia/workspace/code-generation/english-learning-companion-235351-235361/backend/src/routes/index.js", "pattern": "/^const express = require('express');$/", "language": "JavaScript", "kind": "constant"}, {"_type": "tag", "name": "healthController", "path": "/home/kavia/workspace/code-generation/english-learning-companion-235351-235361/backend/src/routes/index.js", "pattern": "/^const healthController = require('..\\/controllers\\/health');$/", "language": "JavaScript", "kind": "constant"}, {"_type": "tag", "name": "lessonsRoutes", "path": "/home/kavia/workspace/code-generation/english-learning-companion-235351-235361/backend/src/routes/index.js", "pattern": "/^const lessonsRoutes = require('.\\/lessons');$/", "language": "JavaScript", "kind": "constant"}, {"_type": "tag", "name": "progressRoutes", "path": "/home/kavia/workspace/code-generation/english-learning-companion-235351-235361/backend/src/routes/index.js", "pattern": "/^const progressRoutes = require('.\\/progress');$/", "language": "JavaScript", "kind": "constant"}, {"_type": "tag", "name": "quizzesRoutes", "path": "/home/kavia/workspace/code-generation/english-learning-companion-235351-235361/backend/src/routes/index.js", "pattern": "/^const quizzesRoutes = require('.\\/quizzes');$/", "language": "JavaScript", "kind": "constant"}, {"_type": "tag", "name": "router", "path": "/home/kavia/workspace/code-generation/english-learning-companion-235351-235361/backend/src/routes/index.js", "pattern": "/^const router = express.Router();$/", "language": "JavaScript", "kind": "constant"}, {"_type": "tag", "name": "vocabularyRoutes", "path": "/home/kavia/workspace/code-generation/english-learning-companion-235351-235361/backend/src/routes/index.js", "pattern": "/^const vocabularyRoutes = require('.\\/vocabulary');$/", "language": "JavaScript", "kind": "constant"}], "hash": "2df31012203f215feec1cbd589b6bcfa", "format-version": 4, "code-base-name": "backend", "filename": "backend/src/routes/index.js"}