{"is_source_file": true, "format": "JavaScript", "description": "This file defines validation schemas for quiz-related API endpoints in a backend application, using the Zod library for schema validation.", "external_files": ["zod"], "external_methods": ["z.object", "z.number", "z.string", "z.array", "z.coerce"], "published": ["generateQuizBodySchema", "quizIdParamsSchema", "submitQuizBodySchema"], "classes": [], "methods": [{"name": "generateQuizBodySchema", "description": "Validation schema for the request body to generate a quiz, requiring a positive integer lessonId."}, {"name": "quizIdParamsSchema", "description": "Validation schema for route parameters to identify a quiz by a positive integer id, with coercion."}, {"name": "submitQuizBodySchema", "description": "Validation schema for submitting quiz answers, requiring userId and an array of answer objects."}], "calls": ["z.object", "z.number", "z.string", "z.array"], "search-terms": ["quiz schemas", "validation", "zod", "backend validation", "quiz API"], "state": 2, "file_id": 26, "knowledge_revision": 84, "git_revision": "", "revision_history": [{"65": ""}, {"84": ""}], "ctags": [{"_type": "tag", "name": "generateQuizBodySchema", "path": "/home/kavia/workspace/code-generation/english-learning-companion-235351-235361/backend/src/validators/quizzes.js", "pattern": "/^  generateQuizBodySchema,$/", "language": "JavaScript", "kind": "field", "scope": "module.exports", "scopeKind": "class"}, {"_type": "tag", "name": "generateQuizBodySchema", "path": "/home/kavia/workspace/code-generation/english-learning-companion-235351-235361/backend/src/validators/quizzes.js", "pattern": "/^const generateQuizBodySchema = z.object({$/", "language": "JavaScript", "kind": "constant"}, {"_type": "tag", "name": "quizIdParamsSchema", "path": "/home/kavia/workspace/code-generation/english-learning-companion-235351-235361/backend/src/validators/quizzes.js", "pattern": "/^const quizIdParamsSchema = z.object({$/", "language": "JavaScript", "kind": "constant"}, {"_type": "tag", "name": "submitQuizBodySchema", "path": "/home/kavia/workspace/code-generation/english-learning-companion-235351-235361/backend/src/validators/quizzes.js", "pattern": "/^const submitQuizBodySchema = z.object({$/", "language": "JavaScript", "kind": "constant"}], "hash": "78d613d399270a58dbd5045fb231c9c6", "format-version": 4, "code-base-name": "backend", "filename": "backend/src/validators/quizzes.js", "fields": [{"name": "generateQuizBodySchema,", "scope": "module.exports", "scopeKind": "class", "description": "unavailable"}]}