{"is_source_file": true, "format": "JavaScript", "description": "This file defines an Express.js route for handling GET requests to fetch aggregated progress summary for a user. It sets up middleware validation and connects the route to a controller method.", "external_files": ["../middleware/asyncHandler", "../middleware/validate", "../controllers/progress", "../validators/progress"], "external_methods": ["require('../middleware/asyncHandler')", "require('../middleware/validate')", "require('../controllers/progress').getSummary", "require('../validators/progress').progressQuerySchema"], "published": ["module.exports"], "classes": [], "methods": [{"name": "router.get", "description": "Defines a GET route at '/' that validates query parameters and executes the progress controller's getSummary method"}], "calls": ["validate({ query: progressQuerySchema })", "asyncHandler(progressController.getSummary.bind(progressController))"], "search-terms": ["progress route", "Express.js progress handler", "progressController", "progressQuerySchema", "GET /api/progress"], "state": 2, "file_id": 32, "knowledge_revision": 94, "git_revision": "", "revision_history": [{"71": ""}, {"94": ""}], "ctags": [{"_type": "tag", "name": "asyncHandler", "path": "/home/kavia/workspace/code-generation/english-learning-companion-235351-235361/backend/src/routes/progress.js", "pattern": "/^const asyncHandler = require('..\\/middleware\\/asyncHandler');$/", "language": "JavaScript", "kind": "constant"}, {"_type": "tag", "name": "express", "path": "/home/kavia/workspace/code-generation/english-learning-companion-235351-235361/backend/src/routes/progress.js", "pattern": "/^const express = require('express');$/", "language": "JavaScript", "kind": "constant"}, {"_type": "tag", "name": "progressController", "path": "/home/kavia/workspace/code-generation/english-learning-companion-235351-235361/backend/src/routes/progress.js", "pattern": "/^const progressController = require('..\\/controllers\\/progress');$/", "language": "JavaScript", "kind": "constant"}, {"_type": "tag", "name": "router", "path": "/home/kavia/workspace/code-generation/english-learning-companion-235351-235361/backend/src/routes/progress.js", "pattern": "/^const router = express.Router();$/", "language": "JavaScript", "kind": "constant"}], "hash": "e1324098f9585db884f75e0bece0376c", "format-version": 4, "code-base-name": "backend", "filename": "backend/src/routes/progress.js"}