{"is_source_file": true, "format": "JavaScript", "description": "This file defines the LessonsService class which provides methods to list lessons and get lesson details by ID from a lessons database table.", "external_files": ["../db", "../middleware/errors"], "external_methods": ["db.query", "ApiError"], "published": ["LessonsService"], "classes": [{"name": "LessonsService", "description": "A service class providing methods to retrieve lesson information from the database."}], "methods": [{"name": "listLessons()", "description": "Fetches and returns a list of lesson summaries (id, title, difficulty, summary).", "scope": "LessonsService", "scopeKind": "class"}, {"name": "getLessonById(id)", "description": "Retrieves detailed information for a specific lesson by ID, including content_json; throws ApiError 404 if not found.", "scope": "LessonsService", "scopeKind": "class"}], "calls": ["db.query", "ApiError"], "search-terms": ["LessonsService", "listLessons", "getLessonById", "lessons.js", "db.query", "content_json"], "state": 2, "file_id": 17, "knowledge_revision": 87, "git_revision": "", "revision_history": [{"56": ""}, {"87": ""}], "ctags": [{"_type": "tag", "name": "LessonsService", "path": "/home/kavia/workspace/code-generation/english-learning-companion-235351-235361/backend/src/services/lessons.js", "pattern": "/^class LessonsService {$/", "language": "JavaScript", "kind": "class"}, {"_type": "tag", "name": "db", "path": "/home/kavia/workspace/code-generation/english-learning-companion-235351-235361/backend/src/services/lessons.js", "pattern": "/^const db = require('..\\/db');$/", "language": "JavaScript", "kind": "constant"}, {"_type": "tag", "name": "exports", "path": "/home/kavia/workspace/code-generation/english-learning-companion-235351-235361/backend/src/services/lessons.js", "pattern": "/^module.exports = new LessonsService();$/", "language": "JavaScript", "kind": "variable", "scope": "module", "scopeKind": "class"}, {"_type": "tag", "name": "getLessonById", "path": "/home/kavia/workspace/code-generation/english-learning-companion-235351-235361/backend/src/services/lessons.js", "pattern": "/^  async getLessonById(id) {$/", "language": "JavaScript", "kind": "method", "signature": "(id)", "scope": "LessonsService", "scopeKind": "class"}, {"_type": "tag", "name": "listLessons", "path": "/home/kavia/workspace/code-generation/english-learning-companion-235351-235361/backend/src/services/lessons.js", "pattern": "/^  async listLessons() {$/", "language": "JavaScript", "kind": "method", "signature": "()", "scope": "LessonsService", "scopeKind": "class"}], "hash": "485f1b8fbbfd373ba238849450320005", "format-version": 4, "code-base-name": "backend", "filename": "backend/src/services/lessons.js", "fields": [{"name": "module.exports = new LessonsService();", "scope": "module", "scopeKind": "class", "description": "unavailable"}]}