{"is_source_file": true, "format": "JavaScript", "description": "A middleware utility function for handling asynchronous route handlers in a Node.js Express application, ensuring errors are caught and passed to the next middleware.", "external_files": [], "external_methods": [], "published": ["asyncHandler"], "classes": [], "methods": [{"name": "asyncHandler(fn)", "description": "A higher-order function that wraps an asynchronous route handler to catch errors and pass them to Express's error handling middleware.", "scope": "", "scopeKind": ""}], "calls": ["Promise.resolve", "fn(req, res, next)", "catch"], "search-terms": ["asyncHandler", "middleware", "error handling", "Promise", "Node.js", "Express"], "state": 2, "file_id": 16, "knowledge_revision": 55, "git_revision": "", "ctags": [{"_type": "tag", "name": "asyncHandler", "path": "/home/kavia/workspace/code-generation/english-learning-companion-235351-235361/backend/src/middleware/asyncHandler.js", "pattern": "/^function asyncHandler(fn) {$/", "language": "JavaScript", "kind": "function", "signature": "(fn)"}], "hash": "0f37b6cb4f60e8fb26dc8118999369bf", "format-version": 4, "code-base-name": "backend", "filename": "backend/src/middleware/asyncHandler.js", "revision_history": [{"55": ""}]}