{"is_source_file": true, "format": "JavaScript (Node.js/Express)", "description": "This file sets up a router for the root endpoint '/' which provides a health check for the service. It imports express, defines a GET route with a Swagger documentation comment, and exports the router.", "external_files": ["../controllers/health"], "external_methods": ["healthController.check"], "published": ["router"], "classes": [], "methods": [{"name": "check", "description": "Handler method for the health check endpoint, defined in healthController."}], "calls": ["healthController.check"], "search-terms": ["health endpoint", "express router", "src/routes/index.js", "GET /", "health check"], "state": 2, "file_id": 4, "knowledge_revision": 19, "git_revision": "ad1762f156bd88532d5ece29e8864392a8672bda", "ctags": [{"_type": "tag", "name": "express", "path": "/home/kavia/workspace/code-generation/english-learning-companion-235351-235361/backend/src/routes/index.js", "pattern": "/^const express = require('express');$/", "language": "JavaScript", "kind": "constant"}, {"_type": "tag", "name": "healthController", "path": "/home/kavia/workspace/code-generation/english-learning-companion-235351-235361/backend/src/routes/index.js", "pattern": "/^const healthController = require('..\\/controllers\\/health');$/", "language": "JavaScript", "kind": "constant"}, {"_type": "tag", "name": "router", "path": "/home/kavia/workspace/code-generation/english-learning-companion-235351-235361/backend/src/routes/index.js", "pattern": "/^const router = express.Router();$/", "language": "JavaScript", "kind": "constant"}], "hash": "65440e156977076adec2544b5e71e9b6", "format-version": 4, "code-base-name": "backend", "filename": "backend/src/routes/index.js", "revision_history": [{"19": "ad1762f156bd88532d5ece29e8864392a8672bda"}]}