{"is_source_file": true, "format": "JavaScript", "description": "This file defines schema validation objects for vocabulary-related operations in the backend, using the 'zod' library for data validation.", "external_files": ["zod"], "external_methods": ["z.coerce.number", "z.number", "z.string", "z.enum"], "published": ["vocabularyListQuerySchema", "upsertVocabularyBodySchema", "reviewVocabularyBodySchema"], "classes": [], "methods": [], "calls": ["z.coerce.number", "z.number", "z.string", "z.enum"], "search-terms": ["vocabulary", "schemas", "validation", "zod", "require('zod')", "upsertVocabulary", "reviewVocabulary"], "state": 2, "file_id": 27, "knowledge_revision": 85, "git_revision": "", "revision_history": [{"66": ""}, {"85": ""}], "ctags": [{"_type": "tag", "name": "reviewVocabularyBodySchema", "path": "/home/kavia/workspace/code-generation/english-learning-companion-235351-235361/backend/src/validators/vocabulary.js", "pattern": "/^const reviewVocabularyBodySchema = z.object({$/", "language": "JavaScript", "kind": "constant"}, {"_type": "tag", "name": "upsertVocabularyBodySchema", "path": "/home/kavia/workspace/code-generation/english-learning-companion-235351-235361/backend/src/validators/vocabulary.js", "pattern": "/^const upsertVocabularyBodySchema = z.object({$/", "language": "JavaScript", "kind": "constant"}, {"_type": "tag", "name": "vocabularyListQuerySchema", "path": "/home/kavia/workspace/code-generation/english-learning-companion-235351-235361/backend/src/validators/vocabulary.js", "pattern": "/^  vocabularyListQuerySchema,$/", "language": "JavaScript", "kind": "field", "scope": "module.exports", "scopeKind": "class"}, {"_type": "tag", "name": "vocabularyListQuerySchema", "path": "/home/kavia/workspace/code-generation/english-learning-companion-235351-235361/backend/src/validators/vocabulary.js", "pattern": "/^const vocabularyListQuerySchema = z.object({$/", "language": "JavaScript", "kind": "constant"}], "hash": "63c10c4d386f1ca73e2486262d88889c", "format-version": 4, "code-base-name": "backend", "filename": "backend/src/validators/vocabulary.js", "fields": [{"name": "vocabularyListQuerySchema,", "scope": "module.exports", "scopeKind": "class", "description": "unavailable"}]}