{"is_source_file": false, "format": "", "description": "", "external_files": [], "external_methods": [], "published": [], "classes": [], "methods": [], "calls": [], "search-terms": [], "state": 2, "file_id": 9, "knowledge_revision": 15, "git_revision": "ad1762f156bd88532d5ece29e8864392a8672bda", "hash": "9483450ea96c056ca5d32e968e351567", "format-version": 4, "code-base-name": "backend", "filename": "backend/package.json", "revision_history": [{"15": "ad1762f156bd88532d5ece29e8864392a8672bda"}]}