{"is_source_file": true, "format": "JavaScript", "description": "This file defines routing endpoints for quiz-related operations in an Express.js application. It includes routes for generating quizzes, retrieving quizzes by ID, and submitting quiz answers, with associated middleware for validation and async handling.", "external_files": ["../middleware/asyncHandler", "../middleware/validate", "../controllers/quizzes", "../validators/quizzes"], "external_methods": ["require('../middleware/asyncHandler')", "require('../middleware/validate')", "require('../controllers/quizzes')", "require('../validators/quizzes')", "quizzesController.generate", "quizzesController.getById", "quizzesController.submit", "validate()", "asyncHandler()"], "published": ["router"], "classes": [], "methods": [{"name": "router.post('/generate')", "description": "Endpoint to generate a quiz for a lesson, validating input and handling asynchronously."}, {"name": "router.get('/:id')", "description": "Endpoint to retrieve a quiz by its ID, validating parameters."}, {"name": "router.post('/:id/submit')", "description": "Endpoint to submit answers for a quiz and receive scoring results, with validation and async handling."}], "calls": ["validate({ body: generateQuizBodySchema })", "asyncHandler(quizzesController.generate.bind(quizzesController))", "validate({ params: quizIdParamsSchema })", "asyncHandler(quizzesController.getById.bind(quizzesController))", "validate({ params: quizIdParamsSchema, body: submitQuizBodySchema })", "asyncHandler(quizzesController.submit.bind(quizzesController))"], "search-terms": ["quizzes API routes", "Express quiz endpoints", "generate quiz route", "get quiz by ID", "submit quiz answers"], "state": 2, "file_id": 30, "knowledge_revision": 92, "git_revision": "", "revision_history": [{"69": ""}, {"92": ""}], "ctags": [{"_type": "tag", "name": "asyncHandler", "path": "/home/kavia/workspace/code-generation/english-learning-companion-235351-235361/backend/src/routes/quizzes.js", "pattern": "/^const asyncHandler = require('..\\/middleware\\/asyncHandler');$/", "language": "JavaScript", "kind": "constant"}, {"_type": "tag", "name": "express", "path": "/home/kavia/workspace/code-generation/english-learning-companion-235351-235361/backend/src/routes/quizzes.js", "pattern": "/^const express = require('express');$/", "language": "JavaScript", "kind": "constant"}, {"_type": "tag", "name": "quizzesController", "path": "/home/kavia/workspace/code-generation/english-learning-companion-235351-235361/backend/src/routes/quizzes.js", "pattern": "/^const quizzesController = require('..\\/controllers\\/quizzes');$/", "language": "JavaScript", "kind": "constant"}, {"_type": "tag", "name": "router", "path": "/home/kavia/workspace/code-generation/english-learning-companion-235351-235361/backend/src/routes/quizzes.js", "pattern": "/^const router = express.Router();$/", "language": "JavaScript", "kind": "constant"}], "hash": "480db0ddba808c6bf8b8b4126b92442b", "format-version": 4, "code-base-name": "backend", "filename": "backend/src/routes/quizzes.js"}