{"is_source_file": true, "format": "JavaScript", "description": "This source file sets up an HTTP server using an Express app, including configuration for port and host, and handles graceful shutdown on SIGTERM signal.", "external_files": ["./app"], "external_methods": ["app.listen", "server.close", "console.log", "process.on", "process.exit"], "published": ["server"], "classes": [], "methods": [{"name": "app.listen", "description": "Starts the Express application server listening on a specified port and host."}, {"name": "server.close", "description": "Stops the server from accepting new connections and executes a callback once all connections are closed."}, {"name": "process.on", "description": "Registers a signal handler, here for SIGTERM, to perform cleanup before shutdown."}, {"name": "process.exit", "description": "Terminates the process with the specified exit code."}], "calls": ["console.log", "server.close", "process.exit"], "search-terms": ["server.js", "express server setup", "graceful shutdown", "SIGTERM", "node process"], "state": 2, "file_id": 5, "knowledge_revision": 24, "git_revision": "ad1762f156bd88532d5ece29e8864392a8672bda", "ctags": [{"_type": "tag", "name": "HOST", "path": "/home/kavia/workspace/code-generation/english-learning-companion-235351-235361/backend/src/server.js", "pattern": "/^const HOST = process.env.HOST || '0.0.0.0';$/", "language": "JavaScript", "kind": "constant"}, {"_type": "tag", "name": "PORT", "path": "/home/kavia/workspace/code-generation/english-learning-companion-235351-235361/backend/src/server.js", "pattern": "/^const PORT = process.env.PORT || 3000;$/", "language": "JavaScript", "kind": "constant"}, {"_type": "tag", "name": "app", "path": "/home/kavia/workspace/code-generation/english-learning-companion-235351-235361/backend/src/server.js", "pattern": "/^const app = require('.\\/app');$/", "language": "JavaScript", "kind": "constant"}, {"_type": "tag", "name": "server", "path": "/home/kavia/workspace/code-generation/english-learning-companion-235351-235361/backend/src/server.js", "pattern": "/^const server = app.listen(PORT, HOST, () => {$/", "language": "JavaScript", "kind": "constant"}], "hash": "e5d7d8ed0764ea86a77b8fe15cd2b83e", "format-version": 4, "code-base-name": "backend", "filename": "backend/src/server.js", "revision_history": [{"24": "ad1762f156bd88532d5ece29e8864392a8672bda"}]}