{"is_source_file": true, "format": "JavaScript", "description": "This file defines a controller class for quizzes, handling incoming HTTP requests related to quiz generation, retrieval by ID, and submission, delegating core logic to a quizzes service.", "external_files": ["../services/quizzes"], "external_methods": ["quizzesService.generateQuiz", "quizzesService.getQuizById", "quizzesService.submitQuiz"], "published": ["new QuizzesController()"], "classes": [{"name": "QuizzesController", "description": "Controller class managing quiz-related HTTP endpoints, including generate, getById, and submit functionalities."}], "methods": [{"name": "generate(req, res)", "description": "Handles quiz generation requests, calls the quizzes service to generate a quiz for a given lesson.", "scope": "QuizzesController", "scopeKind": "class"}, {"name": "getById(req, res)", "description": "Retrieves a specific quiz by its ID, calling the quizzes service.", "scope": "QuizzesController", "scopeKind": "class"}, {"name": "submit(req, res)", "description": "Handles quiz submission, forwarding user answers to the quizzes service for processing.", "scope": "QuizzesController", "scopeKind": "class"}], "calls": ["quizzesService.generateQuiz", "quizzesService.getQuizById", "quizzesService.submitQuiz", "res.status", "res.json"], "search-terms": ["QuizzesController", "quizzesService", "generateQuiz", "getQuizById", "submitQuiz", "controller", "quiz"], "state": 2, "file_id": 22, "knowledge_revision": 95, "git_revision": "", "revision_history": [{"61": ""}, {"95": ""}], "ctags": [{"_type": "tag", "name": "QuizzesController", "path": "/home/kavia/workspace/code-generation/english-learning-companion-235351-235361/backend/src/controllers/quizzes.js", "pattern": "/^class QuizzesController {$/", "language": "JavaScript", "kind": "class"}, {"_type": "tag", "name": "exports", "path": "/home/kavia/workspace/code-generation/english-learning-companion-235351-235361/backend/src/controllers/quizzes.js", "pattern": "/^module.exports = new QuizzesController();$/", "language": "JavaScript", "kind": "variable", "scope": "module", "scopeKind": "class"}, {"_type": "tag", "name": "generate", "path": "/home/kavia/workspace/code-generation/english-learning-companion-235351-235361/backend/src/controllers/quizzes.js", "pattern": "/^  async generate(req, res) {$/", "language": "JavaScript", "kind": "method", "signature": "(req, res)", "scope": "QuizzesController", "scopeKind": "class"}, {"_type": "tag", "name": "getById", "path": "/home/kavia/workspace/code-generation/english-learning-companion-235351-235361/backend/src/controllers/quizzes.js", "pattern": "/^  async getById(req, res) {$/", "language": "JavaScript", "kind": "method", "signature": "(req, res)", "scope": "QuizzesController", "scopeKind": "class"}, {"_type": "tag", "name": "quizzesService", "path": "/home/kavia/workspace/code-generation/english-learning-companion-235351-235361/backend/src/controllers/quizzes.js", "pattern": "/^const quizzesService = require('..\\/services\\/quizzes');$/", "language": "JavaScript", "kind": "constant"}, {"_type": "tag", "name": "submit", "path": "/home/kavia/workspace/code-generation/english-learning-companion-235351-235361/backend/src/controllers/quizzes.js", "pattern": "/^  async submit(req, res) {$/", "language": "JavaScript", "kind": "method", "signature": "(req, res)", "scope": "QuizzesController", "scopeKind": "class"}], "hash": "c31f7bb16ceddfea5e7477cc49afcacc", "format-version": 4, "code-base-name": "backend", "filename": "backend/src/controllers/quizzes.js", "fields": [{"name": "module.exports = new QuizzesController();", "scope": "module", "scopeKind": "class", "description": "unavailable"}]}