{"is_source_file": true, "format": "JavaScript", "description": "This file defines the VocabularyController class, which handles HTTP requests related to vocabulary management in an English learning application. It includes methods for listing, upserting (adding or updating), and reviewing vocabulary items by interacting with a vocabulary service.", "external_files": ["../services/vocabulary"], "external_methods": ["vocabularyService.list", "vocabularyService.upsert", "vocabularyService.review"], "published": ["new VocabularyController()"], "classes": [{"name": "VocabularyController", "description": "A controller class for handling vocabulary-related HTTP requests in the backend."}], "methods": [{"name": "list(req, res)", "description": "Handles requests to retrieve the vocabulary list for a given user.", "scope": "VocabularyController", "scopeKind": "class"}, {"name": "upsert(req, res)", "description": "Handles requests to add or update a vocabulary item.", "scope": "VocabularyController", "scopeKind": "class"}, {"name": "review(req, res)", "description": "Handles requests to review vocabulary items, likely scheduling their review.", "scope": "VocabularyController", "scopeKind": "class"}], "calls": ["vocabularyService.list", "vocabularyService.upsert", "vocabularyService.review"], "search-terms": ["VocabularyController", "vocabularyService", "upsert", "review", "list", "backend", "src/controllers/vocabulary.js"], "state": 2, "file_id": 23, "knowledge_revision": 96, "git_revision": "", "revision_history": [{"62": ""}, {"96": ""}], "ctags": [{"_type": "tag", "name": "VocabularyController", "path": "/home/kavia/workspace/code-generation/english-learning-companion-235351-235361/backend/src/controllers/vocabulary.js", "pattern": "/^class VocabularyController {$/", "language": "JavaScript", "kind": "class"}, {"_type": "tag", "name": "exports", "path": "/home/kavia/workspace/code-generation/english-learning-companion-235351-235361/backend/src/controllers/vocabulary.js", "pattern": "/^module.exports = new VocabularyController();$/", "language": "JavaScript", "kind": "variable", "scope": "module", "scopeKind": "class"}, {"_type": "tag", "name": "list", "path": "/home/kavia/workspace/code-generation/english-learning-companion-235351-235361/backend/src/controllers/vocabulary.js", "pattern": "/^  async list(req, res) {$/", "language": "JavaScript", "kind": "method", "signature": "(req, res)", "scope": "VocabularyController", "scopeKind": "class"}, {"_type": "tag", "name": "review", "path": "/home/kavia/workspace/code-generation/english-learning-companion-235351-235361/backend/src/controllers/vocabulary.js", "pattern": "/^  async review(req, res) {$/", "language": "JavaScript", "kind": "method", "signature": "(req, res)", "scope": "VocabularyController", "scopeKind": "class"}, {"_type": "tag", "name": "upsert", "path": "/home/kavia/workspace/code-generation/english-learning-companion-235351-235361/backend/src/controllers/vocabulary.js", "pattern": "/^  async upsert(req, res) {$/", "language": "JavaScript", "kind": "method", "signature": "(req, res)", "scope": "VocabularyController", "scopeKind": "class"}, {"_type": "tag", "name": "vocabularyService", "path": "/home/kavia/workspace/code-generation/english-learning-companion-235351-235361/backend/src/controllers/vocabulary.js", "pattern": "/^const vocabularyService = require('..\\/services\\/vocabulary');$/", "language": "JavaScript", "kind": "constant"}], "hash": "eed99ff6984fbe3b19bbf666b8519497", "format-version": 4, "code-base-name": "backend", "filename": "backend/src/controllers/vocabulary.js", "fields": [{"name": "module.exports = new VocabularyController();", "scope": "module", "scopeKind": "class", "description": "unavailable"}]}