{"is_source_file": true, "format": "JavaScript", "description": "This file defines a HealthService class with a method getStatus that returns the current health status of the service. It outputs a status object containing status, message, timestamp, and environment details.", "external_files": [], "external_methods": ["Date.prototype.toISOString()", "process.env.NODE_ENV"], "published": ["HealthService"], "classes": [{"name": "HealthService", "description": "A service class providing health check functionality, mainly the getStatus method."}], "methods": [{"name": "getStatus()", "description": "Returns an object indicating the health status of the service, including timestamp and environment.", "scope": "HealthService", "scopeKind": "class"}], "calls": ["new Date().toISOString()", "process.env.NODE_ENV"], "search-terms": ["health check", "status endpoint", "health.js", "service health"], "state": 2, "file_id": 6, "knowledge_revision": 23, "git_revision": "ad1762f156bd88532d5ece29e8864392a8672bda", "ctags": [{"_type": "tag", "name": "HealthService", "path": "/home/kavia/workspace/code-generation/english-learning-companion-235351-235361/backend/src/services/health.js", "pattern": "/^class HealthService {$/", "language": "JavaScript", "kind": "class"}, {"_type": "tag", "name": "exports", "path": "/home/kavia/workspace/code-generation/english-learning-companion-235351-235361/backend/src/services/health.js", "pattern": "/^module.exports = new HealthService();$/", "language": "JavaScript", "kind": "variable", "scope": "module", "scopeKind": "class"}, {"_type": "tag", "name": "getStatus", "path": "/home/kavia/workspace/code-generation/english-learning-companion-235351-235361/backend/src/services/health.js", "pattern": "/^    getStatus() {$/", "language": "JavaScript", "kind": "method", "signature": "()", "scope": "HealthService", "scopeKind": "class"}], "hash": "dcfa21416da8734d1481f1ce9d7ffe4c", "format-version": 4, "code-base-name": "backend", "filename": "backend/src/services/health.js", "fields": [{"name": "module.exports = new HealthService();", "scope": "module", "scopeKind": "class", "description": "unavailable"}], "revision_history": [{"23": "ad1762f156bd88532d5ece29e8864392a8672bda"}]}