{"is_source_file": true, "format": "JavaScript", "description": "This file defines an OpenAPI (Swagger) specification for the English Learning Companion API, including schemas, API info, and tags.", "external_files": ["./src/routes/*.js"], "external_methods": ["require('swagger-jsdoc')"], "published": ["swaggerSpec"], "classes": [], "methods": ["swaggerJSDoc"], "calls": ["require('swagger-jsdoc')", "swaggerJSDoc(options)"], "search-terms": ["swagger", "OpenAPI", "API specification", "schemas", "swagger-jsdoc"], "state": 2, "file_id": 10, "knowledge_revision": 100, "git_revision": "ad1762f156bd88532d5ece29e8864392a8672bda", "revision_history": [{"21": "ad1762f156bd88532d5ece29e8864392a8672bda"}, {"49": "ad1762f156bd88532d5ece29e8864392a8672bda"}, {"100": "ad1762f156bd88532d5ece29e8864392a8672bda"}], "ctags": [{"_type": "tag", "name": "$ref", "path": "/home/kavia/workspace/code-generation/english-learning-companion-235351-235361/backend/swagger.js", "pattern": "/^            attempt: { $ref: '#\\/components\\/schemas\\/QuizAttempt' },$/", "language": "JavaScript", "kind": "property", "scope": "options.definition.components.schemas.QuizSubmissionResult.properties.attempt", "scopeKind": "class"}, {"_type": "tag", "name": "$ref", "path": "/home/kavia/workspace/code-generation/english-learning-companion-235351-235361/backend/swagger.js", "pattern": "/^            questions: { type: 'array', items: { $ref: '#\\/components\\/schemas\\/QuizQuestion' } /", "language": "JavaScript", "kind": "property", "scope": "options.definition.components.schemas.Quiz.properties.questions.items", "scopeKind": "class"}, {"_type": "tag", "name": "GenerateQuizRequest", "path": "/home/kavia/workspace/code-generation/english-learning-companion-235351-235361/backend/swagger.js", "pattern": "/^        GenerateQuizRequest: {$/", "language": "JavaScript", "kind": "class", "scope": "options.definition.components.schemas", "scopeKind": "class"}, {"_type": "tag", "name": "LessonDetail", "path": "/home/kavia/workspace/code-generation/english-learning-companion-235351-235361/backend/swagger.js", "pattern": "/^        LessonDetail: {$/", "language": "JavaScript", "kind": "class", "scope": "options.definition.components.schemas", "scopeKind": "class"}, {"_type": "tag", "name": "LessonListItem", "path": "/home/kavia/workspace/code-generation/english-learning-companion-235351-235361/backend/swagger.js", "pattern": "/^        LessonListItem: {$/", "language": "JavaScript", "kind": "class", "scope": "options.definition.components.schemas", "scopeKind": "class"}, {"_type": "tag", "name": "ProgressSummary", "path": "/home/kavia/workspace/code-generation/english-learning-companion-235351-235361/backend/swagger.js", "pattern": "/^        ProgressSummary: {$/", "language": "JavaScript", "kind": "class", "scope": "options.definition.components.schemas", "scopeKind": "class"}, {"_type": "tag", "name": "Quiz", "path": "/home/kavia/workspace/code-generation/english-learning-companion-235351-235361/backend/swagger.js", "pattern": "/^        Quiz: {$/", "language": "JavaScript", "kind": "class", "scope": "options.definition.components.schemas", "scopeKind": "class"}, {"_type": "tag", "name": "QuizAttempt", "path": "/home/kavia/workspace/code-generation/english-learning-companion-235351-235361/backend/swagger.js", "pattern": "/^        QuizAttempt: {$/", "language": "JavaScript", "kind": "class", "scope": "options.definition.components.schemas", "scopeKind": "class"}, {"_type": "tag", "name": "QuizQuestion", "path": "/home/kavia/workspace/code-generation/english-learning-companion-235351-235361/backend/swagger.js", "pattern": "/^        QuizQuestion: {$/", "language": "JavaScript", "kind": "class", "scope": "options.definition.components.schemas", "scopeKind": "class"}, {"_type": "tag", "name": "QuizSubmissionResult", "path": "/home/kavia/workspace/code-generation/english-learning-companion-235351-235361/backend/swagger.js", "pattern": "/^        QuizSubmissionResult: {$/", "language": "JavaScript", "kind": "class", "scope": "options.definition.components.schemas", "scopeKind": "class"}, {"_type": "tag", "name": "ReviewSchedule", "path": "/home/kavia/workspace/code-generation/english-learning-companion-235351-235361/backend/swagger.js", "pattern": "/^        ReviewSchedule: {$/", "language": "JavaScript", "kind": "class", "scope": "options.definition.components.schemas", "scopeKind": "class"}, {"_type": "tag", "name": "SubmitQuizRequest", "path": "/home/kavia/workspace/code-generation/english-learning-companion-235351-235361/backend/swagger.js", "pattern": "/^        SubmitQuizRequest: {$/", "language": "JavaScript", "kind": "class", "scope": "options.definition.components.schemas", "scopeKind": "class"}, {"_type": "tag", "name": "UpsertVocabularyRequest", "path": "/home/kavia/workspace/code-generation/english-learning-companion-235351-235361/backend/swagger.js", "pattern": "/^        UpsertVocabularyRequest: {$/", "language": "JavaScript", "kind": "class", "scope": "options.definition.components.schemas", "scopeKind": "class"}, {"_type": "tag", "name": "VocabularyItem", "path": "/home/kavia/workspace/code-generation/english-learning-companion-235351-235361/backend/swagger.js", "pattern": "/^        VocabularyItem: {$/", "language": "JavaScript", "kind": "class", "scope": "options.definition.components.schemas", "scopeKind": "class"}, {"_type": "tag", "name": "VocabularyReviewRequest", "path": "/home/kavia/workspace/code-generation/english-learning-companion-235351-235361/backend/swagger.js", "pattern": "/^        VocabularyReviewRequest: {$/", "language": "JavaScript", "kind": "class", "scope": "options.definition.components.schemas", "scopeKind": "class"}, {"_type": "tag", "name": "accuracy", "path": "/home/kavia/workspace/code-generation/english-learning-companion-235351-235361/backend/swagger.js", "pattern": "/^            accuracy: { type: 'number', example: 0.7 },$/", "language": "JavaScript", "kind": "class", "scope": "options.definition.components.schemas.ProgressSummary.properties", "scopeKind": "class"}, {"_type": "tag", "name": "allOf", "path": "/home/kavia/workspace/code-generation/english-learning-companion-235351-235361/backend/swagger.js", "pattern": "/^          allOf: [$/", "language": "JavaScript", "kind": "property", "scope": "options.definition.components.schemas.LessonDetail", "scopeKind": "class"}, {"_type": "tag", "name": "answer", "path": "/home/kavia/workspace/code-generation/english-learning-companion-235351-235361/backend/swagger.js", "pattern": "/^                  answer: { type: 'string', example: 'to say hello' },$/", "language": "JavaScript", "kind": "class", "scope": "options.definition.components.schemas.SubmitQuizRequest.properties.answers.items.properties", "scopeKind": "class"}, {"_type": "tag", "name": "answers", "path": "/home/kavia/workspace/code-generation/english-learning-companion-235351-235361/backend/swagger.js", "pattern": "/^            answers: {$/", "language": "JavaScript", "kind": "class", "scope": "options.definition.components.schemas.SubmitQuizRequest.properties", "scopeKind": "class"}, {"_type": "tag", "name": "apis", "path": "/home/kavia/workspace/code-generation/english-learning-companion-235351-235361/backend/swagger.js", "pattern": "/^  apis: ['.\\/src\\/routes\\/*.js'],$/", "language": "JavaScript", "kind": "property", "scope": "options", "scopeKind": "class"}, {"_type": "tag", "name": "attempt", "path": "/home/kavia/workspace/code-generation/english-learning-companion-235351-235361/backend/swagger.js", "pattern": "/^            attempt: { $ref: '#\\/components\\/schemas\\/QuizAttempt' },$/", "language": "JavaScript", "kind": "class", "scope": "options.definition.components.schemas.QuizSubmissionResult.properties", "scopeKind": "class"}, {"_type": "tag", "name": "attempts_count", "path": "/home/kavia/workspace/code-generation/english-learning-companion-235351-235361/backend/swagger.js", "pattern": "/^            attempts_count: { type: 'integer', example: 5 },$/", "language": "JavaScript", "kind": "class", "scope": "options.definition.components.schemas.ProgressSummary.properties", "scopeKind": "class"}, {"_type": "tag", "name": "choices", "path": "/home/kavia/workspace/code-generation/english-learning-companion-235351-235361/backend/swagger.js", "pattern": "/^            choices: {$/", "language": "JavaScript", "kind": "class", "scope": "options.definition.components.schemas.QuizQuestion.properties", "scopeKind": "class"}, {"_type": "tag", "name": "components", "path": "/home/kavia/workspace/code-generation/english-learning-companion-235351-235361/backend/swagger.js", "pattern": "/^    components: {$/", "language": "JavaScript", "kind": "class", "scope": "options.definition", "scopeKind": "class"}, {"_type": "tag", "name": "created_at", "path": "/home/kavia/workspace/code-generation/english-learning-companion-235351-235361/backend/swagger.js", "pattern": "/^            created_at: { type: 'string', format: 'date-time' },$/", "language": "JavaScript", "kind": "class", "scope": "options.definition.components.schemas.Quiz.properties", "scopeKind": "class"}, {"_type": "tag", "name": "created_at", "path": "/home/kavia/workspace/code-generation/english-learning-companion-235351-235361/backend/swagger.js", "pattern": "/^            created_at: { type: 'string', format: 'date-time' },$/", "language": "JavaScript", "kind": "class", "scope": "options.definition.components.schemas.QuizAttempt.properties", "scopeKind": "class"}, {"_type": "tag", "name": "created_at", "path": "/home/kavia/workspace/code-generation/english-learning-companion-235351-235361/backend/swagger.js", "pattern": "/^            created_at: { type: 'string', format: 'date-time' },$/", "language": "JavaScript", "kind": "class", "scope": "options.definition.components.schemas.VocabularyItem.properties", "scopeKind": "class"}, {"_type": "tag", "name": "definition", "path": "/home/kavia/workspace/code-generation/english-learning-companion-235351-235361/backend/swagger.js", "pattern": "/^            definition: { type: 'string', example: 'to say hello' },$/", "language": "JavaScript", "kind": "class", "scope": "options.definition.components.schemas.UpsertVocabularyRequest.properties", "scopeKind": "class"}, {"_type": "tag", "name": "definition", "path": "/home/kavia/workspace/code-generation/english-learning-companion-235351-235361/backend/swagger.js", "pattern": "/^            definition: { type: 'string', example: 'to say hello' },$/", "language": "JavaScript", "kind": "class", "scope": "options.definition.components.schemas.VocabularyItem.properties", "scopeKind": "class"}, {"_type": "tag", "name": "definition", "path": "/home/kavia/workspace/code-generation/english-learning-companion-235351-235361/backend/swagger.js", "pattern": "/^  definition: {$/", "language": "JavaScript", "kind": "class", "scope": "options", "scopeKind": "class"}, {"_type": "tag", "name": "description", "path": "/home/kavia/workspace/code-generation/english-learning-companion-235351-235361/backend/swagger.js", "pattern": "/^      description: 'Express API for lessons, quizzes, vocabulary, and progress tracking.',$/", "language": "JavaScript", "kind": "property", "scope": "options.definition.info", "scopeKind": "class"}, {"_type": "tag", "name": "difficulty", "path": "/home/kavia/workspace/code-generation/english-learning-companion-235351-235361/backend/swagger.js", "pattern": "/^            difficulty: { type: 'string', example: 'Beginner' },$/", "language": "JavaScript", "kind": "class", "scope": "options.definition.components.schemas.LessonListItem.properties", "scopeKind": "class"}, {"_type": "tag", "name": "enum", "path": "/home/kavia/workspace/code-generation/english-learning-companion-235351-235361/backend/swagger.js", "pattern": "/^            result: { type: 'string', enum: ['pass', 'fail'], example: 'pass' },$/", "language": "JavaScript", "kind": "property", "scope": "options.definition.components.schemas.VocabularyReviewRequest.properties.result", "scopeKind": "class"}, {"_type": "tag", "name": "example", "path": "/home/kavia/workspace/code-generation/english-learning-companion-235351-235361/backend/swagger.js", "pattern": "/^                  answer: { type: 'string', example: 'to say hello' },$/", "language": "JavaScript", "kind": "property", "scope": "options.definition.components.schemas.SubmitQuizRequest.properties.answers.items.properties.answer", "scopeKind": "class"}, {"_type": "tag", "name": "example", "path": "/home/kavia/workspace/code-generation/english-learning-companion-235351-235361/backend/swagger.js", "pattern": "/^                  questionId: { type: 'integer', example: 10 },$/", "language": "JavaScript", "kind": "property", "scope": "options.definition.components.schemas.SubmitQuizRequest.properties.answers.items.properties.questionId", "scopeKind": "class"}, {"_type": "tag", "name": "example", "path": "/home/kavia/workspace/code-generation/english-learning-companion-235351-235361/backend/swagger.js", "pattern": "/^              example: ['to say hello', 'to leave', 'to run', 'to sleep'],$/", "language": "JavaScript", "kind": "property", "scope": "options.definition.components.schemas.QuizQuestion.properties.choices", "scopeKind": "class"}, {"_type": "tag", "name": "example", "path": "/home/kavia/workspace/code-generation/english-learning-companion-235351-235361/backend/swagger.js", "pattern": "/^            accuracy: { type: 'number', example: 0.7 },$/", "language": "JavaScript", "kind": "property", "scope": "options.definition.components.schemas.ProgressSummary.properties.accuracy", "scopeKind": "class"}, {"_type": "tag", "name": "example", "path": "/home/kavia/workspace/code-generation/english-learning-companion-235351-235361/backend/swagger.js", "pattern": "/^            attempts_count: { type: 'integer', example: 5 },$/", "language": "JavaScript", "kind": "property", "scope": "options.definition.components.schemas.ProgressSummary.properties.attempts_count", "scopeKind": "class"}, {"_type": "tag", "name": "example", "path": "/home/kavia/workspace/code-generation/english-learning-companion-235351-235361/backend/swagger.js", "pattern": "/^            definition: { type: 'string', example: 'to say hello' },$/", "language": "JavaScript", "kind": "property", "scope": "options.definition.components.schemas.UpsertVocabularyRequest.properties.definition", "scopeKind": "class"}, {"_type": "tag", "name": "example", "path": "/home/kavia/workspace/code-generation/english-learning-companion-235351-235361/backend/swagger.js", "pattern": "/^            definition: { type: 'string', example: 'to say hello' },$/", "language": "JavaScript", "kind": "property", "scope": "options.definition.components.schemas.VocabularyItem.properties.definition", "scopeKind": "class"}, {"_type": "tag", "name": "example", "path": "/home/kavia/workspace/code-generation/english-learning-companion-235351-235361/backend/swagger.js", "pattern": "/^            difficulty: { type: 'string', example: 'Beginner' },$/", "language": "JavaScript", "kind": "property", "scope": "options.definition.components.schemas.LessonListItem.properties.difficulty", "scopeKind": "class"}, {"_type": "tag", "name": "example", "path": "/home/kavia/workspace/code-generation/english-learning-companion-235351-235361/backend/swagger.js", "pattern": "/^            example: { type: 'string', example: 'I greet my neighbors every morning.' },$/", "language": "JavaScript", "kind": "class", "scope": "options.definition.components.schemas.UpsertVocabularyRequest.properties", "scopeKind": "class"}, {"_type": "tag", "name": "example", "path": "/home/kavia/workspace/code-generation/english-learning-companion-235351-235361/backend/swagger.js", "pattern": "/^            example: { type: 'string', example: 'I greet my neighbors every morning.' },$/", "language": "JavaScript", "kind": "class", "scope": "options.definition.components.schemas.VocabularyItem.properties", "scopeKind": "class"}, {"_type": "tag", "name": "example", "path": "/home/kavia/workspace/code-generation/english-learning-companion-235351-235361/backend/swagger.js", "pattern": "/^            example: { type: 'string', example: 'I greet my neighbors every morning.' },$/", "language": "JavaScript", "kind": "property", "scope": "options.definition.components.schemas.UpsertVocabularyRequest.properties.example", "scopeKind": "class"}, {"_type": "tag", "name": "example", "path": "/home/kavia/workspace/code-generation/english-learning-companion-235351-235361/backend/swagger.js", "pattern": "/^            example: { type: 'string', example: 'I greet my neighbors every morning.' },$/", "language": "JavaScript", "kind": "property", "scope": "options.definition.components.schemas.VocabularyItem.properties.example", "scopeKind": "class"}, {"_type": "tag", "name": "example", "path": "/home/kavia/workspace/code-generation/english-learning-companion-235351-235361/backend/swagger.js", "pattern": "/^            id: { type: 'integer', example: 1 },$/", "language": "JavaScript", "kind": "property", "scope": "options.definition.components.schemas.LessonListItem.properties.id", "scopeKind": "class"}, {"_type": "tag", "name": "example", "path": "/home/kavia/workspace/code-generation/english-learning-companion-235351-235361/backend/swagger.js", "pattern": "/^            id: { type: 'integer', example: 10 },$/", "language": "JavaScript", "kind": "property", "scope": "options.definition.components.schemas.QuizQuestion.properties.id", "scopeKind": "class"}, {"_type": "tag", "name": "example", "path": "/home/kavia/workspace/code-generation/english-learning-companion-235351-235361/backend/swagger.js", "pattern": "/^            id: { type: 'integer', example: 100 },$/", "language": "JavaScript", "kind": "property", "scope": "options.definition.components.schemas.QuizAttempt.properties.id", "scopeKind": "class"}, {"_type": "tag", "name": "example", "path": "/home/kavia/workspace/code-generation/english-learning-companion-235351-235361/backend/swagger.js", "pattern": "/^            id: { type: 'integer', example: 22 },$/", "language": "JavaScript", "kind": "property", "scope": "options.definition.components.schemas.VocabularyItem.properties.id", "scopeKind": "class"}, {"_type": "tag", "name": "example", "path": "/home/kavia/workspace/code-generation/english-learning-companion-235351-235361/backend/swagger.js", "pattern": "/^            id: { type: 'integer', example: 3 },$/", "language": "JavaScript", "kind": "property", "scope": "options.definition.components.schemas.Quiz.properties.id", "scopeKind": "class"}, {"_type": "tag", "name": "example", "path": "/home/kavia/workspace/code-generation/english-learning-companion-235351-235361/backend/swagger.js", "pattern": "/^            interval_days: { type: 'integer', example: 3 },$/", "language": "JavaScript", "kind": "property", "scope": "options.definition.components.schemas.ReviewSchedule.properties.interval_days", "scopeKind": "class"}, {"_type": "tag", "name": "example", "path": "/home/kavia/workspace/code-generation/english-learning-companion-235351-235361/backend/swagger.js", "pattern": "/^            lessonId: { type: 'integer', example: 1 },$/", "language": "JavaScript", "kind": "property", "scope": "options.definition.components.schemas.GenerateQuizRequest.properties.lessonId", "scopeKind": "class"}, {"_type": "tag", "name": "example", "path": "/home/kavia/workspace/code-generation/english-learning-companion-235351-235361/backend/swagger.js", "pattern": "/^            lesson_id: { type: 'integer', example: 1 },$/", "language": "JavaScript", "kind": "property", "scope": "options.definition.components.schemas.Quiz.properties.lesson_id", "scopeKind": "class"}, {"_type": "tag", "name": "example", "path": "/home/kavia/workspace/code-generation/english-learning-companion-235351-235361/backend/swagger.js", "pattern": "/^            lesson_id: { type: 'integer', example: 1 },$/", "language": "JavaScript", "kind": "property", "scope": "options.definition.components.schemas.QuizAttempt.properties.lesson_id", "scopeKind": "class"}, {"_type": "tag", "name": "example", "path": "/home/kavia/workspace/code-generation/english-learning-companion-235351-235361/backend/swagger.js", "pattern": "/^            prompt: { type: 'string', example: 'What is the definition of \"greet\"?' },$/", "language": "JavaScript", "kind": "property", "scope": "options.definition.components.schemas.QuizQuestion.properties.prompt", "scopeKind": "class"}, {"_type": "tag", "name": "example", "path": "/home/kavia/workspace/code-generation/english-learning-companion-235351-235361/backend/swagger.js", "pattern": "/^            quiz_id: { type: 'integer', example: 3 },$/", "language": "JavaScript", "kind": "property", "scope": "options.definition.components.schemas.QuizAttempt.properties.quiz_id", "scopeKind": "class"}, {"_type": "tag", "name": "example", "path": "/home/kavia/workspace/code-generation/english-learning-companion-235351-235361/backend/swagger.js", "pattern": "/^            quiz_id: { type: 'integer', example: 3 },$/", "language": "JavaScript", "kind": "property", "scope": "options.definition.components.schemas.QuizQuestion.properties.quiz_id", "scopeKind": "class"}, {"_type": "tag", "name": "example", "path": "/home/kavia/workspace/code-generation/english-learning-companion-235351-235361/backend/swagger.js", "pattern": "/^            repetition: { type: 'integer', example: 2 },$/", "language": "JavaScript", "kind": "property", "scope": "options.definition.components.schemas.ReviewSchedule.properties.repetition", "scopeKind": "class"}, {"_type": "tag", "name": "example", "path": "/home/kavia/workspace/code-generation/english-learning-companion-235351-235361/backend/swagger.js", "pattern": "/^            result: { type: 'string', enum: ['pass', 'fail'], example: 'pass' },$/", "language": "JavaScript", "kind": "property", "scope": "options.definition.components.schemas.VocabularyReviewRequest.properties.result", "scopeKind": "class"}, {"_type": "tag", "name": "example", "path": "/home/kavia/workspace/code-generation/english-learning-companion-235351-235361/backend/swagger.js", "pattern": "/^            score: { type: 'integer', example: 3 },$/", "language": "JavaScript", "kind": "property", "scope": "options.definition.components.schemas.QuizAttempt.properties.score", "scopeKind": "class"}, {"_type": "tag", "name": "example", "path": "/home/kavia/workspace/code-generation/english-learning-companion-235351-235361/backend/swagger.js", "pattern": "/^            score: { type: 'integer', example: 3 },$/", "language": "JavaScript", "kind": "property", "scope": "options.definition.components.schemas.QuizSubmissionResult.properties.score", "scopeKind": "class"}, {"_type": "tag", "name": "example", "path": "/home/kavia/workspace/code-generation/english-learning-companion-235351-235361/backend/swagger.js", "pattern": "/^            summary: { type: 'string', example: 'Learn common phrases used in everyday situation/", "language": "JavaScript", "kind": "property", "scope": "options.definition.components.schemas.LessonListItem.properties.summary", "scopeKind": "class"}, {"_type": "tag", "name": "example", "path": "/home/kavia/workspace/code-generation/english-learning-companion-235351-235361/backend/swagger.js", "pattern": "/^            term: { type: 'string', example: 'greet' },$/", "language": "JavaScript", "kind": "property", "scope": "options.definition.components.schemas.ReviewSchedule.properties.term", "scopeKind": "class"}, {"_type": "tag", "name": "example", "path": "/home/kavia/workspace/code-generation/english-learning-companion-235351-235361/backend/swagger.js", "pattern": "/^            term: { type: 'string', example: 'greet' },$/", "language": "JavaScript", "kind": "property", "scope": "options.definition.components.schemas.UpsertVocabularyRequest.properties.term", "scopeKind": "class"}, {"_type": "tag", "name": "example", "path": "/home/kavia/workspace/code-generation/english-learning-companion-235351-235361/backend/swagger.js", "pattern": "/^            term: { type: 'string', example: 'greet' },$/", "language": "JavaScript", "kind": "property", "scope": "options.definition.components.schemas.VocabularyItem.properties.term", "scopeKind": "class"}, {"_type": "tag", "name": "example", "path": "/home/kavia/workspace/code-generation/english-learning-companion-235351-235361/backend/swagger.js", "pattern": "/^            term: { type: 'string', example: 'greet' },$/", "language": "JavaScript", "kind": "property", "scope": "options.definition.components.schemas.VocabularyReviewRequest.properties.term", "scopeKind": "class"}, {"_type": "tag", "name": "example", "path": "/home/kavia/workspace/code-generation/english-learning-companion-235351-235361/backend/swagger.js", "pattern": "/^            title: { type: 'string', example: 'Daily Conversations' },$/", "language": "JavaScript", "kind": "property", "scope": "options.definition.components.schemas.LessonListItem.properties.title", "scopeKind": "class"}, {"_type": "tag", "name": "example", "path": "/home/kavia/workspace/code-generation/english-learning-companion-235351-235361/backend/swagger.js", "pattern": "/^            total: { type: 'integer', example: 4 },$/", "language": "JavaScript", "kind": "property", "scope": "options.definition.components.schemas.QuizAttempt.properties.total", "scopeKind": "class"}, {"_type": "tag", "name": "example", "path": "/home/kavia/workspace/code-generation/english-learning-companion-235351-235361/backend/swagger.js", "pattern": "/^            total: { type: 'integer', example: 4 },$/", "language": "JavaScript", "kind": "property", "scope": "options.definition.components.schemas.QuizSubmissionResult.properties.total", "scopeKind": "class"}, {"_type": "tag", "name": "example", "path": "/home/kavia/workspace/code-generation/english-learning-companion-235351-235361/backend/swagger.js", "pattern": "/^            total_correct: { type: 'integer', example: 14 },$/", "language": "JavaScript", "kind": "property", "scope": "options.definition.components.schemas.ProgressSummary.properties.total_correct", "scopeKind": "class"}, {"_type": "tag", "name": "example", "path": "/home/kavia/workspace/code-generation/english-learning-companion-235351-235361/backend/swagger.js", "pattern": "/^            total_questions: { type: 'integer', example: 20 },$/", "language": "JavaScript", "kind": "property", "scope": "options.definition.components.schemas.ProgressSummary.properties.total_questions", "scopeKind": "class"}, {"_type": "tag", "name": "example", "path": "/home/kavia/workspace/code-generation/english-learning-companion-235351-235361/backend/swagger.js", "pattern": "/^            userId: { type: 'integer', example: 1 },$/", "language": "JavaScript", "kind": "property", "scope": "options.definition.components.schemas.SubmitQuizRequest.properties.userId", "scopeKind": "class"}, {"_type": "tag", "name": "example", "path": "/home/kavia/workspace/code-generation/english-learning-companion-235351-235361/backend/swagger.js", "pattern": "/^            userId: { type: 'integer', example: 1 },$/", "language": "JavaScript", "kind": "property", "scope": "options.definition.components.schemas.UpsertVocabularyRequest.properties.userId", "scopeKind": "class"}, {"_type": "tag", "name": "example", "path": "/home/kavia/workspace/code-generation/english-learning-companion-235351-235361/backend/swagger.js", "pattern": "/^            userId: { type: 'integer', example: 1 },$/", "language": "JavaScript", "kind": "property", "scope": "options.definition.components.schemas.VocabularyReviewRequest.properties.userId", "scopeKind": "class"}, {"_type": "tag", "name": "example", "path": "/home/kavia/workspace/code-generation/english-learning-companion-235351-235361/backend/swagger.js", "pattern": "/^            user_id: { type: 'integer', example: 1 },$/", "language": "JavaScript", "kind": "property", "scope": "options.definition.components.schemas.ProgressSummary.properties.user_id", "scopeKind": "class"}, {"_type": "tag", "name": "example", "path": "/home/kavia/workspace/code-generation/english-learning-companion-235351-235361/backend/swagger.js", "pattern": "/^            user_id: { type: 'integer', example: 1 },$/", "language": "JavaScript", "kind": "property", "scope": "options.definition.components.schemas.QuizAttempt.properties.user_id", "scopeKind": "class"}, {"_type": "tag", "name": "example", "path": "/home/kavia/workspace/code-generation/english-learning-companion-235351-235361/backend/swagger.js", "pattern": "/^            user_id: { type: 'integer', example: 1 },$/", "language": "JavaScript", "kind": "property", "scope": "options.definition.components.schemas.ReviewSchedule.properties.user_id", "scopeKind": "class"}, {"_type": "tag", "name": "example", "path": "/home/kavia/workspace/code-generation/english-learning-companion-235351-235361/backend/swagger.js", "pattern": "/^            user_id: { type: 'integer', example: 1 },$/", "language": "JavaScript", "kind": "property", "scope": "options.definition.components.schemas.VocabularyItem.properties.user_id", "scopeKind": "class"}, {"_type": "tag", "name": "example", "path": "/home/kavia/workspace/code-generation/english-learning-companion-235351-235361/backend/swagger.js", "pattern": "/^            vocab_count: { type: 'integer', example: 32 },$/", "language": "JavaScript", "kind": "property", "scope": "options.definition.components.schemas.ProgressSummary.properties.vocab_count", "scopeKind": "class"}, {"_type": "tag", "name": "format", "path": "/home/kavia/workspace/code-generation/english-learning-companion-235351-235361/backend/swagger.js", "pattern": "/^            created_at: { type: 'string', format: 'date-time' },$/", "language": "JavaScript", "kind": "property", "scope": "options.definition.components.schemas.Quiz.properties.created_at", "scopeKind": "class"}, {"_type": "tag", "name": "format", "path": "/home/kavia/workspace/code-generation/english-learning-companion-235351-235361/backend/swagger.js", "pattern": "/^            created_at: { type: 'string', format: 'date-time' },$/", "language": "JavaScript", "kind": "property", "scope": "options.definition.components.schemas.QuizAttempt.properties.created_at", "scopeKind": "class"}, {"_type": "tag", "name": "format", "path": "/home/kavia/workspace/code-generation/english-learning-companion-235351-235361/backend/swagger.js", "pattern": "/^            created_at: { type: 'string', format: 'date-time' },$/", "language": "JavaScript", "kind": "property", "scope": "options.definition.components.schemas.VocabularyItem.properties.created_at", "scopeKind": "class"}, {"_type": "tag", "name": "info", "path": "/home/kavia/workspace/code-generation/english-learning-companion-235351-235361/backend/swagger.js", "pattern": "/^    info: {$/", "language": "JavaScript", "kind": "class", "scope": "options.definition", "scopeKind": "class"}], "hash": "66f59c347172a8d530a1dc2d6d0efb29", "format-version": 4, "code-base-name": "backend", "filename": "backend/swagger.js", "fields": [{"name": "attempt: { $ref: '#\\/components\\/schemas\\/QuizAttempt' },", "scope": "options.definition.components.schemas.QuizSubmissionResult.properties.attempt", "scopeKind": "class", "description": "unavailable"}, {"name": "questions: { type: 'array', items: { $ref: '#\\/components\\/schemas\\/QuizQuestion' } /", "scope": "options.definition.components.schemas.Quiz.properties.questions.items", "scopeKind": "class", "description": "unavailable"}, {"name": "allOf: [", "scope": "options.definition.components.schemas.LessonDetail", "scopeKind": "class", "description": "unavailable"}, {"name": "apis: ['.\\/src\\/routes\\/*.js'],", "scope": "options", "scopeKind": "class", "description": "unavailable"}, {"name": "description: 'Express API for lessons, quizzes, vocabulary, and progress tracking.',", "scope": "options.definition.info", "scopeKind": "class", "description": "unavailable"}, {"name": "result: { type: 'string', enum: ['pass', 'fail'], example: 'pass' },", "scope": "options.definition.components.schemas.VocabularyReviewRequest.properties.result", "scopeKind": "class", "description": "unavailable"}, {"name": "answer: { type: 'string', example: 'to say hello' },", "scope": "options.definition.components.schemas.SubmitQuizRequest.properties.answers.items.properties.answer", "scopeKind": "class", "description": "unavailable"}, {"name": "questionId: { type: 'integer', example: 10 },", "scope": "options.definition.components.schemas.SubmitQuizRequest.properties.answers.items.properties.questionId", "scopeKind": "class", "description": "unavailable"}, {"name": "example: ['to say hello', 'to leave', 'to run', 'to sleep'],", "scope": "options.definition.components.schemas.QuizQuestion.properties.choices", "scopeKind": "class", "description": "unavailable"}, {"name": "accuracy: { type: 'number', example: 0.7 },", "scope": "options.definition.components.schemas.ProgressSummary.properties.accuracy", "scopeKind": "class", "description": "unavailable"}, {"name": "attempts_count: { type: 'integer', example: 5 },", "scope": "options.definition.components.schemas.ProgressSummary.properties.attempts_count", "scopeKind": "class", "description": "unavailable"}, {"name": "definition: { type: 'string', example: 'to say hello' },", "scope": "options.definition.components.schemas.UpsertVocabularyRequest.properties.definition", "scopeKind": "class", "description": "unavailable"}, {"name": "difficulty: { type: 'string', example: 'Beginner' },", "scope": "options.definition.components.schemas.LessonListItem.properties.difficulty", "scopeKind": "class", "description": "unavailable"}, {"name": "example: { type: 'string', example: 'I greet my neighbors every morning.' },", "scope": "options.definition.components.schemas.UpsertVocabularyRequest.properties.example", "scopeKind": "class", "description": "unavailable"}, {"name": "id: { type: 'integer', example: 1 },", "scope": "options.definition.components.schemas.LessonListItem.properties.id", "scopeKind": "class", "description": "unavailable"}, {"name": "id: { type: 'integer', example: 10 },", "scope": "options.definition.components.schemas.QuizQuestion.properties.id", "scopeKind": "class", "description": "unavailable"}, {"name": "id: { type: 'integer', example: 100 },", "scope": "options.definition.components.schemas.QuizAttempt.properties.id", "scopeKind": "class", "description": "unavailable"}, {"name": "id: { type: 'integer', example: 22 },", "scope": "options.definition.components.schemas.VocabularyItem.properties.id", "scopeKind": "class", "description": "unavailable"}, {"name": "id: { type: 'integer', example: 3 },", "scope": "options.definition.components.schemas.Quiz.properties.id", "scopeKind": "class", "description": "unavailable"}, {"name": "interval_days: { type: 'integer', example: 3 },", "scope": "options.definition.components.schemas.ReviewSchedule.properties.interval_days", "scopeKind": "class", "description": "unavailable"}, {"name": "lessonId: { type: 'integer', example: 1 },", "scope": "options.definition.components.schemas.GenerateQuizRequest.properties.lessonId", "scopeKind": "class", "description": "unavailable"}, {"name": "lesson_id: { type: 'integer', example: 1 },", "scope": "options.definition.components.schemas.Quiz.properties.lesson_id", "scopeKind": "class", "description": "unavailable"}, {"name": "prompt: { type: 'string', example: 'What is the definition of \"greet\"?' },", "scope": "options.definition.components.schemas.QuizQuestion.properties.prompt", "scopeKind": "class", "description": "unavailable"}, {"name": "quiz_id: { type: 'integer', example: 3 },", "scope": "options.definition.components.schemas.QuizAttempt.properties.quiz_id", "scopeKind": "class", "description": "unavailable"}, {"name": "repetition: { type: 'integer', example: 2 },", "scope": "options.definition.components.schemas.ReviewSchedule.properties.repetition", "scopeKind": "class", "description": "unavailable"}, {"name": "score: { type: 'integer', example: 3 },", "scope": "options.definition.components.schemas.QuizAttempt.properties.score", "scopeKind": "class", "description": "unavailable"}, {"name": "summary: { type: 'string', example: 'Learn common phrases used in everyday situation/", "scope": "options.definition.components.schemas.LessonListItem.properties.summary", "scopeKind": "class", "description": "unavailable"}, {"name": "term: { type: 'string', example: 'greet' },", "scope": "options.definition.components.schemas.ReviewSchedule.properties.term", "scopeKind": "class", "description": "unavailable"}, {"name": "title: { type: 'string', example: 'Daily Conversations' },", "scope": "options.definition.components.schemas.LessonListItem.properties.title", "scopeKind": "class", "description": "unavailable"}, {"name": "total: { type: 'integer', example: 4 },", "scope": "options.definition.components.schemas.QuizAttempt.properties.total", "scopeKind": "class", "description": "unavailable"}, {"name": "total_correct: { type: 'integer', example: 14 },", "scope": "options.definition.components.schemas.ProgressSummary.properties.total_correct", "scopeKind": "class", "description": "unavailable"}, {"name": "total_questions: { type: 'integer', example: 20 },", "scope": "options.definition.components.schemas.ProgressSummary.properties.total_questions", "scopeKind": "class", "description": "unavailable"}, {"name": "userId: { type: 'integer', example: 1 },", "scope": "options.definition.components.schemas.SubmitQuizRequest.properties.userId", "scopeKind": "class", "description": "unavailable"}, {"name": "user_id: { type: 'integer', example: 1 },", "scope": "options.definition.components.schemas.ProgressSummary.properties.user_id", "scopeKind": "class", "description": "unavailable"}, {"name": "vocab_count: { type: 'integer', example: 32 },", "scope": "options.definition.components.schemas.ProgressSummary.properties.vocab_count", "scopeKind": "class", "description": "unavailable"}, {"name": "created_at: { type: 'string', format: 'date-time' },", "scope": "options.definition.components.schemas.Quiz.properties.created_at", "scopeKind": "class", "description": "unavailable"}]}