{"is_source_file": true, "format": "JavaScript", "description": "This file defines a ProgressService class with a method to aggregate user progress data, interact with a database, and export an instance of the service.", "external_files": ["../db"], "external_methods": ["db.query"], "published": ["ProgressService"], "classes": [{"name": "ProgressService", "description": "Provides methods to fetch and update user progress metrics in the database."}], "methods": [{"name": "getProgress(userId)", "description": "Fetches and aggregates progress data for a specific user and updates or inserts it into the progress_summaries table.", "scope": "ProgressService", "scopeKind": "class"}], "calls": ["db.query"], "search-terms": ["ProgressService", "getProgress", "progress_summaries", "quiz_attempts", "vocabulary", "aggregation", "score", "user progress"], "state": 2, "file_id": 20, "knowledge_revision": 90, "git_revision": "", "revision_history": [{"59": ""}, {"90": ""}], "ctags": [{"_type": "tag", "name": "ProgressService", "path": "/home/kavia/workspace/code-generation/english-learning-companion-235351-235361/backend/src/services/progress.js", "pattern": "/^class ProgressService {$/", "language": "JavaScript", "kind": "class"}, {"_type": "tag", "name": "db", "path": "/home/kavia/workspace/code-generation/english-learning-companion-235351-235361/backend/src/services/progress.js", "pattern": "/^const db = require('..\\/db');$/", "language": "JavaScript", "kind": "constant"}, {"_type": "tag", "name": "exports", "path": "/home/kavia/workspace/code-generation/english-learning-companion-235351-235361/backend/src/services/progress.js", "pattern": "/^module.exports = new ProgressService();$/", "language": "JavaScript", "kind": "variable", "scope": "module", "scopeKind": "class"}, {"_type": "tag", "name": "getProgress", "path": "/home/kavia/workspace/code-generation/english-learning-companion-235351-235361/backend/src/services/progress.js", "pattern": "/^  async getProgress(userId) {$/", "language": "JavaScript", "kind": "method", "signature": "(userId)", "scope": "ProgressService", "scopeKind": "class"}], "hash": "731af5b508bf3843fdff7ebd6bb00c8a", "format-version": 4, "code-base-name": "backend", "filename": "backend/src/services/progress.js", "fields": [{"name": "module.exports = new ProgressService();", "scope": "module", "scopeKind": "class", "description": "unavailable"}]}