{"is_source_file": true, "format": "JavaScript", "description": "Defines Express routes for managing lessons, including listing and retrieving lesson details with associated Swagger documentation annotations.", "external_files": ["../middleware/asyncHandler", "../middleware/validate", "../controllers/lessons", "../validators/lessons"], "external_methods": ["asyncHandler", "validate", "lessonsController.list", "lessonsController.getById"], "published": [], "classes": [], "methods": [{"name": "list", "description": "Handles HTTP GET requests to list all lessons."}, {"name": "getById", "description": "Handles HTTP GET requests to retrieve a specific lesson by ID."}], "calls": ["asyncHandler(lessonsController.list.bind(lessonsController))", "validate({ params: getLessonParamsSchema })", "asyncHandler(lessonsController.getById.bind(lessonsController))"], "search-terms": ["lessons route", "express router", "lessonsController", "API endpoint", "Swagger annotations", "get lessons", "get lesson detail", "REST API"], "state": 2, "file_id": 29, "knowledge_revision": 91, "git_revision": "", "revision_history": [{"68": ""}, {"91": ""}], "ctags": [{"_type": "tag", "name": "asyncHandler", "path": "/home/kavia/workspace/code-generation/english-learning-companion-235351-235361/backend/src/routes/lessons.js", "pattern": "/^const asyncHandler = require('..\\/middleware\\/asyncHandler');$/", "language": "JavaScript", "kind": "constant"}, {"_type": "tag", "name": "express", "path": "/home/kavia/workspace/code-generation/english-learning-companion-235351-235361/backend/src/routes/lessons.js", "pattern": "/^const express = require('express');$/", "language": "JavaScript", "kind": "constant"}, {"_type": "tag", "name": "lessonsController", "path": "/home/kavia/workspace/code-generation/english-learning-companion-235351-235361/backend/src/routes/lessons.js", "pattern": "/^const lessonsController = require('..\\/controllers\\/lessons');$/", "language": "JavaScript", "kind": "constant"}, {"_type": "tag", "name": "router", "path": "/home/kavia/workspace/code-generation/english-learning-companion-235351-235361/backend/src/routes/lessons.js", "pattern": "/^const router = express.Router();$/", "language": "JavaScript", "kind": "constant"}], "hash": "502fb72cb216adc5e8866a2140338043", "format-version": 4, "code-base-name": "backend", "filename": "backend/src/routes/lessons.js"}