{"is_source_file": true, "format": "JavaScript", "description": "Main application setup file for an Express.js server, including middleware configuration, route mounting, Swagger documentation setup, and error handling.", "external_files": ["./routes", "../swagger"], "external_methods": ["require('cors')", "require('express')", "require('./routes')", "require('swagger-ui-express')", "require('../swagger')"], "published": ["app"], "classes": [], "methods": [{"name": "app.use", "description": "Configures middleware for handling CORS, Swagger UI, JSON parsing, route mounting, and error handling."}], "calls": ["cors()", "express()", "routes", "swaggerUi.serve", "swaggerUi.setup", "express.json()", "app.use", "console.error"], "search-terms": ["app.js", "Express server setup", "Swagger documentation", "CORS configuration", "route mounting", "error handling middleware"], "state": 2, "file_id": 2, "knowledge_revision": 17, "git_revision": "ad1762f156bd88532d5ece29e8864392a8672bda", "ctags": [{"_type": "tag", "name": "app", "path": "/home/kavia/workspace/code-generation/english-learning-companion-235351-235361/backend/src/app.js", "pattern": "/^const app = express();$/", "language": "JavaScript", "kind": "constant"}, {"_type": "tag", "name": "cors", "path": "/home/kavia/workspace/code-generation/english-learning-companion-235351-235361/backend/src/app.js", "pattern": "/^const cors = require('cors');$/", "language": "JavaScript", "kind": "constant"}, {"_type": "tag", "name": "express", "path": "/home/kavia/workspace/code-generation/english-learning-companion-235351-235361/backend/src/app.js", "pattern": "/^const express = require('express');$/", "language": "JavaScript", "kind": "constant"}, {"_type": "tag", "name": "routes", "path": "/home/kavia/workspace/code-generation/english-learning-companion-235351-235361/backend/src/app.js", "pattern": "/^const routes = require('.\\/routes');$/", "language": "JavaScript", "kind": "constant"}, {"_type": "tag", "name": "swaggerSpec", "path": "/home/kavia/workspace/code-generation/english-learning-companion-235351-235361/backend/src/app.js", "pattern": "/^const swaggerSpec = require('..\\/swagger');$/", "language": "JavaScript", "kind": "constant"}, {"_type": "tag", "name": "swaggerUi", "path": "/home/kavia/workspace/code-generation/english-learning-companion-235351-235361/backend/src/app.js", "pattern": "/^const swaggerUi = require('swagger-ui-express');$/", "language": "JavaScript", "kind": "constant"}], "hash": "5df3172f6e958a99d255956f667b1de4", "format-version": 4, "code-base-name": "backend", "filename": "backend/src/app.js", "revision_history": [{"17": "ad1762f156bd88532d5ece29e8864392a8672bda"}]}