{"is_source_file": true, "format": "JavaScript", "description": "This file is the server entry point for a Node.js application. It sets up the server using an imported 'app' module, configures server port and host from environment variables or defaults, starts the server, and handles graceful shutdown on SIGTERM signal. It also exports the server instance.", "external_files": ["./app"], "external_methods": ["app.listen", "console.log", "process.on", "server.close", "process.exit"], "published": ["server"], "classes": [], "methods": [{"name": "app.listen", "description": "Starts the server listening on specified port and host."}, {"name": "server.close", "description": "Closes the server gracefully when shutdown signal is received."}], "calls": ["app.listen", "console.log", "process.on", "server.close", "process.exit"], "search-terms": ["server.js", "Node.js server entry point", "graceful shutdown", "process.env", "SIGTERM", "app.listen"], "state": 2, "file_id": 5, "knowledge_revision": 75, "git_revision": "ad1762f156bd88532d5ece29e8864392a8672bda", "revision_history": [{"24": "ad1762f156bd88532d5ece29e8864392a8672bda"}, {"52": "ad1762f156bd88532d5ece29e8864392a8672bda"}, {"75": "ad1762f156bd88532d5ece29e8864392a8672bda"}], "ctags": [{"_type": "tag", "name": "HOST", "path": "/home/kavia/workspace/code-generation/english-learning-companion-235351-235361/backend/src/server.js", "pattern": "/^const HOST = process.env.HOST || '0.0.0.0';$/", "language": "JavaScript", "kind": "constant"}, {"_type": "tag", "name": "PORT", "path": "/home/kavia/workspace/code-generation/english-learning-companion-235351-235361/backend/src/server.js", "pattern": "/^const PORT = process.env.BACKEND_PORT || process.env.PORT || 3001;$/", "language": "JavaScript", "kind": "constant"}, {"_type": "tag", "name": "app", "path": "/home/kavia/workspace/code-generation/english-learning-companion-235351-235361/backend/src/server.js", "pattern": "/^const app = require('.\\/app');$/", "language": "JavaScript", "kind": "constant"}, {"_type": "tag", "name": "server", "path": "/home/kavia/workspace/code-generation/english-learning-companion-235351-235361/backend/src/server.js", "pattern": "/^const server = app.listen(PORT, HOST, () => {$/", "language": "JavaScript", "kind": "constant"}], "hash": "199a112a5dd48b8daf19e62429bbf6fe", "format-version": 4, "code-base-name": "backend", "filename": "backend/src/server.js"}