{"is_source_file": true, "format": "JavaScript", "description": "This file defines a validation schema for lesson parameters, specifically validating the 'id' parameter as a positive integer using the Zod library.", "external_files": ["zod"], "external_methods": ["z.coerce.number", "z.object"], "published": ["getLessonParamsSchema"], "classes": [], "methods": [{"name": "getLessonParamsSchema", "description": "A Zod schema for validating lesson parameters, ensuring 'id' is a positive integer."}], "calls": ["z.coerce.number", "z.object"], "search-terms": ["lesson", "validation", "schema", "zod", "parameters"], "state": 2, "file_id": 25, "knowledge_revision": 83, "git_revision": "", "revision_history": [{"64": ""}, {"83": ""}], "ctags": [{"_type": "tag", "name": "getLessonParamsSchema", "path": "/home/kavia/workspace/code-generation/english-learning-companion-235351-235361/backend/src/validators/lessons.js", "pattern": "/^  getLessonParamsSchema,$/", "language": "JavaScript", "kind": "field", "scope": "module.exports", "scopeKind": "class"}, {"_type": "tag", "name": "getLessonParamsSchema", "path": "/home/kavia/workspace/code-generation/english-learning-companion-235351-235361/backend/src/validators/lessons.js", "pattern": "/^const getLessonParamsSchema = z.object({$/", "language": "JavaScript", "kind": "constant"}], "hash": "2e35ecae1454719877330d613fffe7b5", "format-version": 4, "code-base-name": "backend", "filename": "backend/src/validators/lessons.js", "fields": [{"name": "getLessonParamsSchema,", "scope": "module.exports", "scopeKind": "class", "description": "unavailable"}]}