{"is_source_file": true, "format": "JavaScript", "description": "This file defines a ProgressController class that handles HTTP requests related to user progress, specifically retrieving a progress summary for a given user via an API endpoint. It includes a method 'getSummary' that uses a service to fetch data and responds with JSON.", "external_files": ["../services/progress"], "external_methods": ["progressService.getProgress"], "published": ["new ProgressController()"], "classes": [{"name": "ProgressController", "description": "Controller class responsible for handling progress-related API requests, specifically providing a summary of user progress."}], "methods": [{"name": "getSummary(req, res)", "description": "Asynchronous method that retrieves a user's progress summary based on the userId query parameter and returns it as a JSON response.", "scope": "ProgressController", "scopeKind": "class"}], "calls": ["progressService.getProgress"], "search-terms": ["ProgressController", "getSummary", "progressService", "progress", "backend/src/controllers/progress.js"], "state": 2, "file_id": 24, "knowledge_revision": 97, "git_revision": "", "revision_history": [{"63": ""}, {"97": ""}], "ctags": [{"_type": "tag", "name": "ProgressController", "path": "/home/kavia/workspace/code-generation/english-learning-companion-235351-235361/backend/src/controllers/progress.js", "pattern": "/^class ProgressController {$/", "language": "JavaScript", "kind": "class"}, {"_type": "tag", "name": "exports", "path": "/home/kavia/workspace/code-generation/english-learning-companion-235351-235361/backend/src/controllers/progress.js", "pattern": "/^module.exports = new ProgressController();$/", "language": "JavaScript", "kind": "variable", "scope": "module", "scopeKind": "class"}, {"_type": "tag", "name": "getSummary", "path": "/home/kavia/workspace/code-generation/english-learning-companion-235351-235361/backend/src/controllers/progress.js", "pattern": "/^  async getSummary(req, res) {$/", "language": "JavaScript", "kind": "method", "signature": "(req, res)", "scope": "ProgressController", "scopeKind": "class"}, {"_type": "tag", "name": "progressService", "path": "/home/kavia/workspace/code-generation/english-learning-companion-235351-235361/backend/src/controllers/progress.js", "pattern": "/^const progressService = require('..\\/services\\/progress');$/", "language": "JavaScript", "kind": "constant"}], "hash": "80100fb65c3b53315c97f26aaabfe532", "format-version": 4, "code-base-name": "backend", "filename": "backend/src/controllers/progress.js", "fields": [{"name": "module.exports = new ProgressController();", "scope": "module", "scopeKind": "class", "description": "unavailable"}]}