{"is_source_file": false, "format": "", "description": "", "external_files": [], "external_methods": [], "published": [], "classes": [], "methods": [], "calls": [], "search-terms": [], "state": 2, "file_id": 9, "knowledge_revision": 53, "git_revision": "ad1762f156bd88532d5ece29e8864392a8672bda", "hash": "d937943f0c9c613b9ef5ee522ab5f393", "format-version": 4, "code-base-name": "backend", "filename": "backend/package.json", "revision_history": [{"53": "ad1762f156bd88532d5ece29e8864392a8672bda"}]}