{"is_source_file": true, "format": "shell script", "description": "This file is a shell script (gradlew.sh) used to invoke the Gradle wrapper, primarily for CI/analysis steps. It checks for the presence of a frontend-specific Gradle wrapper in certain directories and forwards execution accordingly, or outputs a message if none are found.", "external_files": ["../english-learning-companion-235351-235362/frontend_learning_app/gradlew.sh", "./english-learning-companion-235351-235362/frontend_learning_app/gradlew.sh"], "external_methods": [], "published": [], "classes": [], "methods": [], "calls": ["sh \"../english-learning-companion-235351-235362/frontend_learning_app/gradlew.sh\" \"$@\"", "sh \"./english-learning-companion-235351-235362/frontend_learning_app/gradlew.sh\" \"$@\"", "echo \"gradlew shim: no frontend gradlew.sh found; nothing to do.\"", "exit 0"], "search-terms": ["gradlew.sh", "shell script", "CI", "Gradle wrapper", "frontend"], "state": 2, "file_id": 34, "knowledge_revision": 105, "git_revision": "", "hash": "0c8a9a59c40f0a1ee7d1e00b0c83279b", "format-version": 4, "code-base-name": "backend", "filename": "gradlew.sh", "revision_history": [{"105": ""}]}